{
  "type": "FeatureCollection",
  "properties": {
    "name": "Pakistan City Station Natural Coverage Polygons",
    "description": "Natural jagged polygons showing air quality monitoring station coverage areas with no overlaps",
    "generated_at": "2025-09-26",
    "total_cities": 38,
    "style": "natural_jagged_boundaries"
  },
  "features": [
    {
      "type": "Feature",
      "properties": {
        "city_name": "Lahore",
        "station_count": 49,
        "area_km2": 808.61,
        "generated_by": "natural_jagged_polygons",
        "style": "jagged_boundaries"
      },
      "geometry": {
        "type": "Polygon",
        "coordinates": [
          [
            [
              74.5472040731522,
              31.44624934873204
            ],
            [
              74.50692347337838,
              31.42211030484477
            ],
            [
              74.46525010540272,
              31.4006941013074
            ],
            [
              74.46559764423517,
              31.39905686290863
            ],
            [
              74.46360942053714,
              31.401720399184835
            ],
            [
              74.46393243038915,
              31.40010208323587
            ],
            [
              74.46341459420069,
              31.398984464170002
            ],
            [
              74.46236468401706,
              31.39956304137212
            ],
            [
              74.46226367200545,
              31.397585561765606
            ],
            [
              74.46150112673563,
              31.398339058718808
            ],
            [
              74.46142259812527,
              31.39703400227913
            ],
            [
              74.46056102609687,
              31.399079766723183
            ],
            [
              74.35084488697231,
              31.378680488580883
            ],
            [
              74.24042750382893,
              31.36182630113563
            ],
            [
              74.2402894899924,
              31.36060609888191
            ],
            [
              74.23985620736178,
              31.360426712736306
            ],
            [
              74.23951326673665,
              31.361781259561248
            ],
            [
              74.22216322957672,
              31.36150255624452
            ],
            [
              74.20535986935604,
              31.35897125115698
            ],
            [
              74.18844337840595,
              31.3584872134556
            ],
            [
              74.17173168547896,
              31.355124152680865
            ],
            [
              74.17146883461935,
              31.354256725242212
            ],
            [
              74.17113416817149,
              31.354110902007765
            ],
            [
              74.17049633836204,
              31.35621248087207
            ],
            [
              74.16991213630388,
              31.35479004001155
            ],
            [
              74.1699094676499,
              31.356695255356062
            ],
            [
              74.16923093761706,
              31.35648962615027
            ],
            [
              74.16866944160103,
              31.354999021381225
            ],
            [
              74.16787659142274,
              31.353549631284384
            ],
            [
              74.16743676011356,
              31.355344294764375
            ],
            [
              74.16701452247275,
              31.35655098995287
            ],
            [
              74.16592469050454,
              31.355612066185145
            ],
            [
              74.16581456806807,
              31.357699198405122
            ],
            [
              74.1646475578647,
              31.356150054342784
            ],
            [
              74.16340317454437,
              31.354869836186378
            ],
            [
              74.1634798133699,
              31.355903632057807
            ],
            [
              74.16323457868141,
              31.35668542033052
            ],
            [
              74.16171433196031,
              31.355047738516063
            ],
            [
              74.16285193616912,
              31.35771784670638
            ],
            [
              74.1617239505056,
              31.357230753753225
            ],
            [
              74.16181906016993,
              31.358485356674237
            ],
            [
              74.16060742467182,
              31.358115404947558
            ],
            [
              74.15959837392582,
              31.35738787390839
            ],
            [
              74.1594850109588,
              31.357930321585677
            ],
            [
              74.16092229478387,
              31.359907776927972
            ],
            [
              74.16003699098238,
              31.359430302323855
            ],
            [
              74.16048660631851,
              31.36037908244438
            ],
            [
              74.15866447633039,
              31.359256559047488
            ],
            [
              74.15827450109708,
              31.359290502496187
            ],
            [
              74.1590623599236,
              31.36049433344543
            ],
            [
              74.15697029859923,
              31.359321910082546
            ],
            [
              74.15941283465938,
              31.361861301610748
            ],
            [
              74.15702243274185,
              31.36037147811851
            ],
            [
              74.15766184794079,
              31.361276112382384
            ],
            [
              74.15658161619945,
              31.361133976105034
            ],
            [
              74.15830094826042,
              31.3623805241673
            ],
            [
              74.15604057735104,
              31.36148566998968
            ],
            [
              74.15698783340295,
              31.362565949310756
            ],
            [
              74.15769335100047,
              31.36354539077012
            ],
            [
              74.15549606814062,
              31.362895898300355
            ],
            [
              74.1563002076852,
              31.363829418060675
            ],
            [
              74.158196129297,
              31.365074832409984
            ],
            [
              74.15492870849198,
              31.364345806603087
            ],
            [
              74.15573331597098,
              31.36514436642609
            ],
            [
              74.15711974361142,
              31.36604044762825
            ],
            [
              74.15513922794092,
              31.366138770473608
            ],
            [
              74.15536505920522,
              31.36654943782973
            ],
            [
              74.15452002539276,
              31.366747582623823
            ],
            [
              74.1559514558447,
              31.36742536616069
            ],
            [
              74.15415582652976,
              31.367596335981855
            ],
            [
              74.15509708520479,
              31.367960352552302
            ],
            [
              74.15402150980142,
              31.36823053333326
            ],
            [
              74.154720519061,
              31.368860769885238
            ],
            [
              74.15300324943179,
              31.36907258636243
            ],
            [
              74.1552991381082,
              31.369621095585327
            ],
            [
              74.1543739940955,
              31.370044075703937
            ],
            [
              74.15427857683665,
              31.370478410067655
            ],
            [
              74.15500408893328,
              31.370840575715878
            ],
            [
              74.15329317219928,
              31.37176593443703
            ],
            [
              74.15408454798667,
              31.372138785952856
            ],
            [
              74.15569224148773,
              31.372641770537054
            ],
            [
              74.15679330531867,
              31.372516747038794
            ],
            [
              74.15495292333934,
              31.37350273678949
            ],
            [
              74.155853791968,
              31.373955571003975
            ],
            [
              74.15703154708898,
              31.373983671855793
            ],
            [
              74.15708959864193,
              31.374521365338826
            ],
            [
              74.15605207757423,
              31.375165169124866
            ],
            [
              74.15780019195212,
              31.37508884253109
            ],
            [
              74.1556388356613,
              31.376428374946343
            ],
            [
              74.1552751758244,
              31.376777787669
            ],
            [
              74.15700017684618,
              31.37675978162587
            ],
            [
              74.16820961953184,
              31.404498029437406
            ],
            [
              74.18177816842929,
              31.431508071129482
            ],
            [
              74.19601559301948,
              31.457850572947173
            ],
            [
              74.1976476338565,
              31.45780939422905
            ],
            [
              74.1962257861416,
              31.458932940138197
            ],
            [
              74.19699574542628,
              31.45926904994192
            ],
            [
              74.21903340871604,
              31.497424320875503
            ],
            [
              74.24359614806556,
              31.534225830077286
            ],
            [
              74.2662284125748,
              31.572286287574805
            ],
            [
              74.2878833108476,
              31.610476445736857
            ],
            [
              74.28736070584613,
              31.61197875174669
            ],
            [
              74.28863543464328,
              31.611671674630912
            ],
            [
              74.28987069285704,
              31.611585308105692
            ],
            [
              74.290100290668,
              31.611854597860702
            ],
            [
              74.28898361305863,
              31.6131610686996
            ],
            [
              74.29001401879685,
              31.613125425866375
            ],
            [
              74.2896029130811,
              31.614021238059326
            ],
            [
              74.29042582438319,
              31.614189994700318
            ],
            [
              74.29107770806624,
              31.61417369504509
            ],
            [
              74.29259227577519,
              31.6128009190085
            ],
            [
              74.29068614351625,
              31.615714412884817
            ],
            [
              74.29254958004765,
              31.61384175589728
            ],
            [
              74.29209650681221,
              31.615002343773792
            ],
            [
              74.29292450078356,
              31.614771247432433
            ],
            [
              74.2937849264636,
              31.61454930638818
            ],
            [
              74.29372911606883,
              31.616071268109767
            ],
            [
              74.29363502130076,
              31.617124338922398
            ],
            [
              74.29500115066269,
              31.61669916290234
            ],
            [
              74.29567147554508,
              31.615816616851337
            ],
            [
              74.29563547964652,
              31.61753788073582
            ],
            [
              74.29638924559697,
              31.617222388353735
            ],
            [
              74.29767558375416,
              31.61518677292832
            ],
            [
              74.29749920744163,
              31.61736964790005
            ],
            [
              74.29797559054346,
              31.618598733202177
            ],
            [
              74.29852512127668,
              31.61682335178863
            ],
            [
              74.29862588579687,
              31.619778171471314
            ],
            [
              74.29951698667124,
              31.617977620861915
            ],
            [
              74.2999475973301,
              31.616075929416745
            ],
            [
              74.30037612319475,
              31.61659887631397
            ],
            [
              74.30097012765964,
              31.61802391005768
            ],
            [
              74.30132433689627,
              31.61877454058883
            ],
            [
              74.30164086365238,
              31.618799782547104
            ],
            [
              74.30191383626773,
              31.61720316758284
            ],
            [
              74.30200477256801,
              31.617620858441754
            ],
            [
              74.30291538375015,
              31.616401424783472
            ],
            [
              74.30385543690957,
              31.617644288106927
            ],
            [
              74.34003472277053,
              31.60852788383164
            ],
            [
              74.37736642825449,
              31.60416070445509
            ],
            [
              74.41436000429128,
              31.5977334557799
            ],
            [
              74.45050828331881,
              31.588835580593393
            ],
            [
              74.45169415104728,
              31.58968859651803
            ],
            [
              74.45250167713549,
              31.58884037338873
            ],
            [
              74.45338625052761,
              31.59011628390863
            ],
            [
              74.45352288113128,
              31.58908806157583
            ],
            [
              74.45382982521956,
              31.58826437916494
            ],
            [
              74.45368877259146,
              31.587187749487807
            ],
            [
              74.4540794553173,
              31.587250131608993
            ],
            [
              74.45436569628508,
              31.58672254599006
            ],
            [
              74.45502948531599,
              31.587498628148463
            ],
            [
              74.45502807369688,
              31.586474167048618
            ],
            [
              74.45523646721287,
              31.586008072799295
            ],
            [
              74.45620371274975,
              31.586631573121092
            ],
            [
              74.45609437954965,
              31.58511022404199
            ],
            [
              74.45754065138277,
              31.585812077318348
            ],
            [
              74.45922230185266,
              31.58685624181313
            ],
            [
              74.45751631947992,
              31.58428787770189
            ],
            [
              74.45844352080775,
              31.584640231071955
            ],
            [
              74.460288942372,
              31.58564141075225
            ],
            [
              74.45862167952707,
              31.583790371278265
            ],
            [
              74.45818356031408,
              31.58273208540527
            ],
            [
              74.45952900720596,
              31.58356604416759
            ],
            [
              74.48338016097493,
              31.555334884535895
            ],
            [
              74.50607495495531,
              31.526645790331955
            ],
            [
              74.5297279276223,
              31.498292211456757
            ],
            [
              74.55106820115671,
              31.468300549933105
            ],
            [
              74.55297534155343,
              31.469024993442474
            ],
            [
              74.55303285161096,
              31.46873437145693
            ],
            [
              74.55241860069457,
              31.467479980814065
            ],
            [
              74.55387969011345,
              31.468036156279886
            ],
            [
              74.55170003443907,
              31.466217374192947
            ],
            [
              74.55196220584554,
              31.466050231813306
            ],
            [
              74.55317226918451,
              31.466247565565354
            ],
            [
              74.55199145458168,
              31.465175231889383
            ],
            [
              74.5542464341041,
              31.46563623571876
            ],
            [
              74.55358920792597,
              31.46480167814315
            ],
            [
              74.55501159729593,
              31.46459530221989
            ],
            [
              74.55395334617164,
              31.463357235185736
            ],
            [
              74.55273521404494,
              31.462230216735847
            ],
            [
              74.5542633019292,
              31.461929078181548
            ],
            [
              74.55256515706317,
              31.46135760649046
            ],
            [
              74.55414544821313,
              31.460890178997168
            ],
            [
              74.55449882600553,
              31.460518337230912
            ],
            [
              74.55575544425484,
              31.460192555019056
            ],
            [
              74.5534830517802,
              31.459697071798118
            ],
            [
              74.55480741516193,
              31.45924291787714
            ],
            [
              74.55323306885899,
              31.458661133989235
            ],
            [
              74.55398708634993,
              31.458184842391667
            ],
            [
              74.55470597052683,
              31.45777852563452
            ],
            [
              74.55651633573189,
              31.456661542622417
            ],
            [
              74.5545404903822,
              31.45638032186285
            ],
            [
              74.55307386781529,
              31.455888657845502
            ],
            [
              74.5541071285922,
              31.454917544077333
            ],
            [
              74.55572898665889,
              31.45354333406321
            ],
            [
              74.55369286771732,
              31.453601866145988
            ],
            [
              74.5512240094633,
              31.45386435973053
            ],
            [
              74.55303684656887,
              31.452260227235353
            ],
            [
              74.5542537217874,
              31.450991228238014
            ],
            [
              74.55335934204274,
              31.451216921660606
            ],
            [
              74.55350199851037,
              31.450666976954356
            ],
            [
              74.55188639579863,
              31.450723967954517
            ],
            [
              74.55000147174805,
              31.451938149175103
            ],
            [
              74.55198806846705,
              31.449748850941067
            ],
            [
              74.55133713725333,
              31.449766823533807
            ],
            [
              74.54941601416839,
              31.45081980311061
            ],
            [
              74.5510555729678,
              31.448647840155008
            ],
            [
              74.55011670782243,
              31.448503467258767
            ],
            [
              74.55129755461056,
              31.446795731170504
            ],
            [
              74.55052654281435,
              31.446901248310986
            ],
            [
              74.54913964783886,
              31.447577882789442
            ],
            [
              74.54789903853879,
              31.448912831204513
            ],
            [
              74.54944312590024,
              31.446276862999163
            ],
            [
              74.5490684807397,
              31.446052397192705
            ],
            [
              74.54827773657516,
              31.446902563606038
            ],
            [
              74.54638687273503,
              31.44821260533414
            ],
            [
              74.5472040731522,
              31.44624934873204
            ]
          ]
        ]
      }
    },
    {
      "type": "Feature",
      "properties": {
        "city_name": "Karachi",
        "station_count": 16,
        "area_km2": 381.82,
        "generated_by": "natural_jagged_polygons",
        "style": "jagged_boundaries"
      },
      "geometry": {
        "type": "Polygon",
        "coordinates": [
          [
            [
              67.02192125583096,
              24.951842518895234
            ],
            [
              67.08333630722254,
              24.937362405222352
            ],
            [
              67.14535219481505,
              24.92623959070436
            ],
            [
              67.20644242975928,
              24.9113134028987
            ],
            [
              67.26835711816412,
              24.899348532528432
            ],
            [
              67.26839515467236,
              24.898512494531907
            ],
            [
              67.26917658410962,
              24.8998395572725
            ],
            [
              67.26900457454826,
              24.897584232438287
            ],
            [
              67.2696127757642,
              24.89882734965503
            ],
            [
              67.27031692690184,
              24.899253696691993
            ],
            [
              67.270066047172,
              24.897812514428477
            ],
            [
              67.27113644933023,
              24.899629786325733
            ],
            [
              67.27118478929604,
              24.89841713832997
            ],
            [
              67.2723795855489,
              24.899347676811136
            ],
            [
              67.27240359129114,
              24.897664279355208
            ],
            [
              67.27304821863292,
              24.89778158068482
            ],
            [
              67.27297338949658,
              24.896756114554307
            ],
            [
              67.2736512741479,
              24.896852267655753
            ],
            [
              67.27383583753267,
              24.895755584106674
            ],
            [
              67.27507398345618,
              24.896100227603448
            ],
            [
              67.27490325260666,
              24.895308399471823
            ],
            [
              67.2758012410594,
              24.89579126926277
            ],
            [
              67.27477252081725,
              24.894206595723833
            ],
            [
              67.27606533717407,
              24.895001138529825
            ],
            [
              67.27610471658122,
              24.894116403995998
            ],
            [
              67.27691878246836,
              24.893778310372344
            ],
            [
              67.2760718992958,
              24.89281356105652
            ],
            [
              67.27769735752774,
              24.89352397831679
            ],
            [
              67.27632472941836,
              24.89206465561902
            ],
            [
              67.27780446787895,
              24.892569015554095
            ],
            [
              67.2771801304175,
              24.891754627353663
            ],
            [
              67.2790591752934,
              24.892443020287306
            ],
            [
              67.27785686254464,
              24.891389874454322
            ],
            [
              67.27850707006588,
              24.891240786361173
            ],
            [
              67.27963807856763,
              24.890863868921205
            ],
            [
              67.27919559872966,
              24.889930096141192
            ],
            [
              67.27991133758724,
              24.88925938304931
            ],
            [
              67.27976160961059,
              24.888578927076185
            ],
            [
              67.28035615791092,
              24.888311070408594
            ],
            [
              67.27902164097785,
              24.887551923461515
            ],
            [
              67.28120725643242,
              24.887724622329312
            ],
            [
              67.27987935984085,
              24.886976700331186
            ],
            [
              67.27906641712309,
              24.886123128908462
            ],
            [
              67.28018788063362,
              24.88558755285011
            ],
            [
              67.27890964304486,
              24.885172551985402
            ],
            [
              67.28101494808172,
              24.88478999943245
            ],
            [
              67.27949194341538,
              24.884339169238014
            ],
            [
              67.28007814014786,
              24.884001183523996
            ],
            [
              67.27928110792875,
              24.88375915594193
            ],
            [
              67.27933364413008,
              24.8833559366758
            ],
            [
              67.27872731055272,
              24.88292866179212
            ],
            [
              67.28002232612009,
              24.882563191120152
            ],
            [
              67.28084432234392,
              24.881984442293078
            ],
            [
              67.28060849193673,
              24.881654863137797
            ],
            [
              67.28052425051384,
              24.881312143258146
            ],
            [
              67.27980691940742,
              24.88113807536987
            ],
            [
              67.28031250505161,
              24.880347641888036
            ],
            [
              67.27885572441429,
              24.88030599925817
            ],
            [
              67.27935581887816,
              24.87968528502099
            ],
            [
              67.27981853848395,
              24.879008194587588
            ],
            [
              67.2785165759793,
              24.879066885616158
            ],
            [
              67.27761041448682,
              24.87908595522731
            ],
            [
              67.27856352912748,
              24.87814232228077
            ],
            [
              67.27882895362562,
              24.877615043106964
            ],
            [
              67.2777927435288,
              24.87755527238192
            ],
            [
              67.27788960080527,
              24.87684073776707
            ],
            [
              67.27662318338727,
              24.877348681472647
            ],
            [
              67.27829819274807,
              24.875747658939286
            ],
            [
              67.27646505046418,
              24.876497332205574
            ],
            [
              67.27696499923977,
              24.875530490077416
            ],
            [
              67.27761302919593,
              24.874740753535967
            ],
            [
              67.27601629561983,
              24.875536142819225
            ],
            [
              67.27533341326381,
              24.87576791237859
            ],
            [
              67.27614583489407,
              24.874467474434255
            ],
            [
              67.27495794332663,
              24.875082346783643
            ],
            [
              67.27602597410512,
              24.873108332485504
            ],
            [
              67.27492722194212,
              24.873303157632712
            ],
            [
              67.27406927791395,
              24.873742527166897
            ],
            [
              67.27468619850485,
              24.872296539871773
            ],
            [
              67.27406702341882,
              24.872571150868026
            ],
            [
              67.2535977524035,
              24.85689372458522
            ],
            [
              67.23266357143298,
              24.842268734477944
            ],
            [
              67.232770395696,
              24.840992923663435
            ],
            [
              67.23232115189556,
              24.841138271476964
            ],
            [
              67.23087108341278,
              24.84257745783629
            ],
            [
              67.23134345702073,
              24.841402101667097
            ],
            [
              67.23123490970276,
              24.840268287051586
            ],
            [
              67.23023561652326,
              24.841325330224002
            ],
            [
              67.22999683135454,
              24.8407106157204
            ],
            [
              67.22891160813653,
              24.84178004709451
            ],
            [
              67.22884007816884,
              24.840760394886576
            ],
            [
              67.2286539341844,
              24.840212778500074
            ],
            [
              67.18417552501451,
              24.826689810168453
            ],
            [
              67.14089982530375,
              24.810366450445212
            ],
            [
              67.09639337151013,
              24.7971741525961
            ],
            [
              67.05286296422845,
              24.78137609953092
            ],
            [
              67.052632317338,
              24.78055739465534
            ],
            [
              67.05171053410449,
              24.78174196624534
            ],
            [
              67.05152770532735,
              24.781029900245763
            ],
            [
              67.05063215337614,
              24.781384124305198
            ],
            [
              67.05010747686403,
              24.780784712616725
            ],
            [
              67.04920439926825,
              24.781302378831263
            ],
            [
              67.04870002639505,
              24.78070187521519
            ],
            [
              67.04779222492714,
              24.781537471505892
            ],
            [
              67.04726083343326,
              24.780741687879257
            ],
            [
              67.04644590192719,
              24.779355809274342
            ],
            [
              67.04619260758504,
              24.78136652039704
            ],
            [
              67.04560229127569,
              24.78076291973587
            ],
            [
              67.04481144222584,
              24.78010212497712
            ],
            [
              67.04427886550516,
              24.781142513856917
            ],
            [
              67.04381613643226,
              24.781861986150275
            ],
            [
              67.04299657398226,
              24.78166232903488
            ],
            [
              67.04206491873194,
              24.781445423389105
            ],
            [
              67.0414085878909,
              24.78206617737168
            ],
            [
              67.04152877897657,
              24.782785534623148
            ],
            [
              67.04042498650688,
              24.78175999416255
            ],
            [
              67.04024860689056,
              24.782259182830128
            ],
            [
              67.04006148039933,
              24.782722325168358
            ],
            [
              67.03925450161904,
              24.781947881110117
            ],
            [
              67.03923149554265,
              24.782843374606397
            ],
            [
              67.03976233076564,
              24.78404299594192
            ],
            [
              67.0390662440747,
              24.78369334071297
            ],
            [
              67.03596099311982,
              24.78727857368584
            ],
            [
              67.03194262727021,
              24.78980115684836
            ],
            [
              67.02693720098124,
              24.791063224105045
            ],
            [
              67.02396870419562,
              24.794935062797602
            ],
            [
              67.02409918818358,
              24.795832078777636
            ],
            [
              67.02402638431593,
              24.79632359099797
            ],
            [
              67.02296164516052,
              24.795813815701198
            ],
            [
              67.0235873612106,
              24.797223952938452
            ],
            [
              67.02277388268408,
              24.796831905061993
            ],
            [
              67.02201822812583,
              24.796769215002705
            ],
            [
              67.02085653108735,
              24.796559525903984
            ],
            [
              67.02118703049034,
              24.797822287481893
            ],
            [
              67.01256654227213,
              24.80684951683248
            ],
            [
              67.00666980957347,
              24.817970000411556
            ],
            [
              66.99763787556209,
              24.82667299552878
            ],
            [
              66.99098121168984,
              24.83740789254131
            ],
            [
              66.99181346378722,
              24.838457192374783
            ],
            [
              66.99131193149186,
              24.83852030117031
            ],
            [
              66.98974665699104,
              24.83812732251813
            ],
            [
              66.99026290276525,
              24.83879399595784
            ],
            [
              66.99037862619849,
              24.8398390830937
            ],
            [
              66.98950996201485,
              24.84014368783126
            ],
            [
              66.98876675649832,
              24.840389805639965
            ],
            [
              66.98931798806159,
              24.84116748685766
            ],
            [
              66.98895997152786,
              24.841603299277832
            ],
            [
              66.98758222572964,
              24.841677007424316
            ],
            [
              66.9883110938447,
              24.842364838919273
            ],
            [
              66.98834983501004,
              24.842969028706953
            ],
            [
              66.98917294735077,
              24.843971552083268
            ],
            [
              66.988065690827,
              24.84449208993998
            ],
            [
              66.98768524063635,
              24.844933467378198
            ],
            [
              66.98833874180029,
              24.845639324296872
            ],
            [
              66.98793957653922,
              24.846036580506773
            ],
            [
              66.9886627451296,
              24.846520794299195
            ],
            [
              66.98852545000922,
              24.84692322535759
            ],
            [
              66.98726671987504,
              24.84734264292715
            ],
            [
              66.98798102940077,
              24.847591797088246
            ],
            [
              66.98895744675113,
              24.848301687612345
            ],
            [
              66.9883884691963,
              24.849280388490513
            ],
            [
              66.9928947591095,
              24.879433032300405
            ],
            [
              66.997996699975,
              24.90985701137429
            ],
            [
              67.00419607260093,
              24.939908122654003
            ],
            [
              67.00376507338085,
              24.940336295507187
            ],
            [
              67.00389857524935,
              24.94083655915834
            ],
            [
              67.00531314594235,
              24.940855931754857
            ],
            [
              67.0045240614286,
              24.941371562000434
            ],
            [
              67.00610633890156,
              24.9413488004818
            ],
            [
              67.00416248593389,
              24.94228439293517
            ],
            [
              67.0058864020466,
              24.942201946039408
            ],
            [
              67.00488786696309,
              24.94271710428509
            ],
            [
              67.00449345374096,
              24.94351921291412
            ],
            [
              67.00476656282608,
              24.943820086533965
            ],
            [
              67.00678267328595,
              24.943185581426803
            ],
            [
              67.00547568508362,
              24.944065484534562
            ],
            [
              67.00514619371293,
              24.945236353258352
            ],
            [
              67.0065133051668,
              24.945565306101475
            ],
            [
              67.00575987947309,
              24.946321161237286
            ],
            [
              67.00707542598383,
              24.94577553741293
            ],
            [
              67.00761776769177,
              24.945903421646594
            ],
            [
              67.00728593690617,
              24.94670841473846
            ],
            [
              67.00795838061354,
              24.94670820008189
            ],
            [
              67.00811231594983,
              24.94700709262492
            ],
            [
              67.00713857248795,
              24.948409295488158
            ],
            [
              67.0081202218807,
              24.947717385373714
            ],
            [
              67.0081185210935,
              24.948490104508476
            ],
            [
              67.00902293810738,
              24.94798241420506
            ],
            [
              67.01000363988075,
              24.947634450751924
            ],
            [
              67.00937967850673,
              24.948842394838582
            ],
            [
              67.01015108370365,
              24.948556347202583
            ],
            [
              67.00936071013214,
              24.950072033134212
            ],
            [
              67.01097315707275,
              24.948598849176747
            ],
            [
              67.01065975824696,
              24.94979780444115
            ],
            [
              67.01159477887478,
              24.94900322189641
            ],
            [
              67.01164646216803,
              24.94991115392607
            ],
            [
              67.01205149462297,
              24.95064673903203
            ],
            [
              67.01206837231332,
              24.951889847767305
            ],
            [
              67.01330402059347,
              24.951214855206548
            ],
            [
              67.01343118740557,
              24.952131141231554
            ],
            [
              67.01407671035005,
              24.951735969439955
            ],
            [
              67.01470471044163,
              24.95170642788253
            ],
            [
              67.01552472152086,
              24.9514381204819
            ],
            [
              67.01630661376322,
              24.952163522696527
            ],
            [
              67.01676813397619,
              24.95297026527544
            ],
            [
              67.01743496600854,
              24.952120503652264
            ],
            [
              67.01832584430537,
              24.95113029862112
            ],
            [
              67.01897250037712,
              24.952203683882047
            ],
            [
              67.01949622625283,
              24.95339136950423
            ],
            [
              67.01991318605954,
              24.95270418582068
            ],
            [
              67.02021315443388,
              24.95305603321646
            ],
            [
              67.02076228818557,
              24.95231322918685
            ],
            [
              67.02157906285652,
              24.952848981223497
            ],
            [
              67.02192125583096,
              24.951842518895234
            ]
          ]
        ]
      }
    },
    {
      "type": "Feature",
      "properties": {
        "city_name": "Faisalabad",
        "station_count": 15,
        "area_km2": 153.97,
        "generated_by": "natural_jagged_polygons",
        "style": "jagged_boundaries"
      },
      "geometry": {
        "type": "Polygon",
        "coordinates": [
          [
            [
              73.12475171070427,
              31.368859477205593
            ],
            [
              73.10961820449832,
              31.371395006666685
            ],
            [
              73.09497398988583,
              31.376004671885834
            ],
            [
              73.08007479491684,
              31.37919973921458
            ],
            [
              73.06551722714299,
              31.383869338712692
            ],
            [
              73.06512054038836,
              31.38349559586131
            ],
            [
              73.06460837916114,
              31.383213591627694
            ],
            [
              73.06514695254651,
              31.38555942336791
            ],
            [
              73.06454477462889,
              31.38433919983637
            ],
            [
              73.06377420631743,
              31.383753225121097
            ],
            [
              73.06334431331277,
              31.38396234608429
            ],
            [
              73.0630891211262,
              31.38454932490677
            ],
            [
              73.06294158886685,
              31.385414785318005
            ],
            [
              73.06239383324623,
              31.385359613388673
            ],
            [
              73.06138731604946,
              31.384671551261317
            ],
            [
              73.06197621773164,
              31.38635647617259
            ],
            [
              73.06117456134791,
              31.38585983787119
            ],
            [
              73.05335439611511,
              31.390467247284978
            ],
            [
              73.04656991047254,
              31.396637582258425
            ],
            [
              73.04567749449646,
              31.396116886776174
            ],
            [
              73.0459506915605,
              31.39739576451721
            ],
            [
              73.04554231760152,
              31.397411394515878
            ],
            [
              73.0459959576867,
              31.398576493066432
            ],
            [
              73.04439950143733,
              31.39751691157835
            ],
            [
              73.04438280907311,
              31.398129465418755
            ],
            [
              73.04505445676631,
              31.399581969192525
            ],
            [
              73.04358017526324,
              31.399118947162943
            ],
            [
              73.04212377551333,
              31.3989195873862
            ],
            [
              73.04285214272741,
              31.400167035466833
            ],
            [
              73.03909080994778,
              31.40812332534074
            ],
            [
              73.033284918105,
              31.414827654229928
            ],
            [
              73.02832591651617,
              31.42194191159599
            ],
            [
              73.02461683462681,
              31.430000359796427
            ],
            [
              73.02293476799989,
              31.42981614224482
            ],
            [
              73.02399708447403,
              31.431149484137954
            ],
            [
              73.02292455432736,
              31.43144733469865
            ],
            [
              73.02335124133042,
              31.43225483679233
            ],
            [
              73.02405863525676,
              31.43283736787398
            ],
            [
              73.02396552958044,
              31.433248499926574
            ],
            [
              73.02252013392008,
              31.43309641607731
            ],
            [
              73.02310322249242,
              31.433597202726627
            ],
            [
              73.02253342026754,
              31.434106335861383
            ],
            [
              73.02288591572858,
              31.43490407106463
            ],
            [
              73.02374809755969,
              31.43516340333707
            ],
            [
              73.02319248168259,
              31.435545044751866
            ],
            [
              73.0238998586966,
              31.435995715270874
            ],
            [
              73.02263340912091,
              31.43611435511573
            ],
            [
              73.02342098386912,
              31.43634578347461
            ],
            [
              73.02321197626654,
              31.436835135221912
            ],
            [
              73.0231189026217,
              31.437166342609842
            ],
            [
              73.02279611340535,
              31.437529131169985
            ],
            [
              73.02380506152124,
              31.437561721659517
            ],
            [
              73.02311899919673,
              31.437963003905768
            ],
            [
              73.02157707800754,
              31.43850078289286
            ],
            [
              73.02290271858782,
              31.43880515373377
            ],
            [
              73.02397597781052,
              31.438926897406365
            ],
            [
              73.02216125551843,
              31.439788514863835
            ],
            [
              73.02302663390175,
              31.43998150006025
            ],
            [
              73.02261192176837,
              31.440410743229368
            ],
            [
              73.0242124751036,
              31.440319993273803
            ],
            [
              73.02271226054657,
              31.4411830399089
            ],
            [
              73.02350143493148,
              31.441280509252554
            ],
            [
              73.02429429346087,
              31.441403594535643
            ],
            [
              73.0233079556255,
              31.442232965464882
            ],
            [
              73.024115182103,
              31.442543919588744
            ],
            [
              73.02521536343302,
              31.442180598265637
            ],
            [
              73.0251238536484,
              31.44274459528133
            ],
            [
              73.02480398359677,
              31.4437184640346
            ],
            [
              73.02558787866917,
              31.443361393579462
            ],
            [
              73.0256620402184,
              31.443944956473484
            ],
            [
              73.0253730639581,
              31.444660705797848
            ],
            [
              73.04041745545092,
              31.465645664302304
            ],
            [
              73.05651117707343,
              31.485906820039276
            ],
            [
              73.07282561656166,
              31.505659452620336
            ],
            [
              73.07365094758951,
              31.5056450214859
            ],
            [
              73.072621068798,
              31.506984268856755
            ],
            [
              73.07264200435584,
              31.507417463982442
            ],
            [
              73.07398364905903,
              31.506841981179882
            ],
            [
              73.07507346055064,
              31.506150787647172
            ],
            [
              73.07456284273567,
              31.507478827918984
            ],
            [
              73.07576734036408,
              31.506928183597548
            ],
            [
              73.0758588591266,
              31.507296106615776
            ],
            [
              73.07547161280237,
              31.508203773605995
            ],
            [
              73.07562359466264,
              31.508936215369612
            ],
            [
              73.07645077636113,
              31.508200626069414
            ],
            [
              73.07572225169937,
              31.510035913671594
            ],
            [
              73.07680907066681,
              31.509085386536345
            ],
            [
              73.07784126885153,
              31.508291326401125
            ],
            [
              73.07794004251538,
              31.509679542922235
            ],
            [
              73.07887940390053,
              31.508453002361346
            ],
            [
              73.07889809461638,
              31.510011540065413
            ],
            [
              73.07953396886471,
              31.509735896247083
            ],
            [
              73.0798080343877,
              31.509663936164632
            ],
            [
              73.08024656904449,
              31.51047880494458
            ],
            [
              73.08071918361549,
              31.50958077073523
            ],
            [
              73.08071978139492,
              31.511468959843956
            ],
            [
              73.08121376532313,
              31.51054549321464
            ],
            [
              73.08151182794282,
              31.512079003435087
            ],
            [
              73.08217611470197,
              31.509850153406823
            ],
            [
              73.0823836729828,
              31.510625962373272
            ],
            [
              73.08292750673611,
              31.509199512991405
            ],
            [
              73.08325191237286,
              31.51003419616624
            ],
            [
              73.08341472894526,
              31.5094288386842
            ],
            [
              73.08359962213716,
              31.510617276427187
            ],
            [
              73.08407421863207,
              31.510104262849396
            ],
            [
              73.08440860962386,
              31.511269424835135
            ],
            [
              73.08488997273223,
              31.511670948870325
            ],
            [
              73.08504237892723,
              31.510653811315848
            ],
            [
              73.08565309753098,
              31.511178520697293
            ],
            [
              73.08619134860169,
              31.510380025590262
            ],
            [
              73.08616875882446,
              31.508993504500726
            ],
            [
              73.0872408508427,
              31.51103733274682
            ],
            [
              73.08742445658282,
              31.51007029624291
            ],
            [
              73.08716855074928,
              31.508738130305932
            ],
            [
              73.08818261168979,
              31.510231037623765
            ],
            [
              73.08788077391559,
              31.50883964701666
            ],
            [
              73.08848481892764,
              31.50955549841327
            ],
            [
              73.08954916189994,
              31.510229403118807
            ],
            [
              73.08946630524852,
              31.50891280193128
            ],
            [
              73.09055358828977,
              31.509153998207008
            ],
            [
              73.09060309609697,
              31.508318256989913
            ],
            [
              73.09156514900609,
              31.508795894108992
            ],
            [
              73.09188456817837,
              31.508541934405603
            ],
            [
              73.09160857476367,
              31.507583907867065
            ],
            [
              73.11101236710735,
              31.489840929732857
            ],
            [
              73.13186725831163,
              31.47360383120149
            ],
            [
              73.15144733371122,
              31.45578003913035
            ],
            [
              73.15083470857816,
              31.454302856280226
            ],
            [
              73.15239681922203,
              31.45492391573815
            ],
            [
              73.15158508623387,
              31.45375495145381
            ],
            [
              73.15225682259711,
              31.453662598420582
            ],
            [
              73.15310048496767,
              31.453873445353928
            ],
            [
              73.15417763227161,
              31.454136851085394
            ],
            [
              73.15295744445639,
              31.4528447245204
            ],
            [
              73.15394657696731,
              31.452915387613185
            ],
            [
              73.15272020496523,
              31.451843432622653
            ],
            [
              73.15373185542971,
              31.451765248686844
            ],
            [
              73.15441195521224,
              31.45169860269771
            ],
            [
              73.15576241398027,
              31.45180999125851
            ],
            [
              73.15406276882918,
              31.45052735896018
            ],
            [
              73.15508060588657,
              31.450646863631004
            ],
            [
              73.15400756782874,
              31.449864454210214
            ],
            [
              73.1547119861205,
              31.44952162499799
            ],
            [
              73.15540195241978,
              31.449389528488798
            ],
            [
              73.15596026031393,
              31.449137059685246
            ],
            [
              73.15621090772474,
              31.448925751469694
            ],
            [
              73.15413499207756,
              31.448182827888903
            ],
            [
              73.15562163088458,
              31.448112939798452
            ],
            [
              73.15489577855466,
              31.44772157222236
            ],
            [
              73.15634096841427,
              31.44763462100642
            ],
            [
              73.15645436966413,
              31.447344949401696
            ],
            [
              73.15590616427144,
              31.446947556691114
            ],
            [
              73.15678607817073,
              31.44647311881415
            ],
            [
              73.15483533482343,
              31.446172935077545
            ],
            [
              73.15671036518044,
              31.445867830278946
            ],
            [
              73.15582896066195,
              31.445608018680876
            ],
            [
              73.15630251799239,
              31.445169128469946
            ],
            [
              73.15494367850793,
              31.4447002166213
            ],
            [
              73.15577671770473,
              31.444377500063943
            ],
            [
              73.15412882292419,
              31.443974516637294
            ],
            [
              73.15536543567248,
              31.442998797783375
            ],
            [
              73.1514789579662,
              31.421276250290216
            ],
            [
              73.14462411630738,
              31.400179907919007
            ],
            [
              73.14051445257049,
              31.37843910961197
            ],
            [
              73.13878291824942,
              31.378076657955248
            ],
            [
              73.14005890298552,
              31.37713486467869
            ],
            [
              73.1408097752993,
              31.376447715042843
            ],
            [
              73.13911016325879,
              31.376612576907497
            ],
            [
              73.13949937434789,
              31.375883384120602
            ],
            [
              73.13886675494372,
              31.375623282095553
            ],
            [
              73.13904527946276,
              31.37483975992126
            ],
            [
              73.13790973437244,
              31.375082041572394
            ],
            [
              73.13922956256727,
              31.373831850828008
            ],
            [
              73.13740196585574,
              31.374681885819346
            ],
            [
              73.13811977670578,
              31.373607380260935
            ],
            [
              73.13866384014341,
              31.372508143537882
            ],
            [
              73.13765552953483,
              31.372844890195385
            ],
            [
              73.13656924019361,
              31.372517988731143
            ],
            [
              73.1364645466549,
              31.371725022604195
            ],
            [
              73.13672588051408,
              31.370947527914723
            ],
            [
              73.13646316825948,
              31.370961203628944
            ],
            [
              73.13518670808378,
              31.371955968719732
            ],
            [
              73.13549166339557,
              31.370911992365617
            ],
            [
              73.13588354292442,
              31.36972157872128
            ],
            [
              73.1352439588493,
              31.369919006468105
            ],
            [
              73.13432364681836,
              31.3701178419433
            ],
            [
              73.13422210107127,
              31.369530327294683
            ],
            [
              73.13341981128836,
              31.369663859375542
            ],
            [
              73.13243552559067,
              31.370801909377725
            ],
            [
              73.13244898382588,
              31.36981500276452
            ],
            [
              73.13238267514966,
              31.36927004024256
            ],
            [
              73.13157538742901,
              31.36972317016403
            ],
            [
              73.13160133165067,
              31.368287506772322
            ],
            [
              73.13099678600483,
              31.368782282839426
            ],
            [
              73.13084477348168,
              31.367141614644005
            ],
            [
              73.1303479132899,
              31.36807649348033
            ],
            [
              73.12976616738233,
              31.368548633330082
            ],
            [
              73.12921534166613,
              31.36941303800559
            ],
            [
              73.12897518505841,
              31.36737581720565
            ],
            [
              73.12862828281423,
              31.368519107777413
            ],
            [
              73.12805895491097,
              31.36945062585848
            ],
            [
              73.12769966612147,
              31.369208524564012
            ],
            [
              73.12734008911052,
              31.368515990832613
            ],
            [
              73.1266872113459,
              31.369849425890074
            ],
            [
              73.1258307518453,
              31.368480811588025
            ],
            [
              73.12535397318047,
              31.36802401400383
            ],
            [
              73.12507328917835,
              31.368387943889935
            ],
            [
              73.12475171070427,
              31.368859477205593
            ]
          ]
        ]
      }
    },
    {
      "type": "Feature",
      "properties": {
        "city_name": "Peshawar",
        "station_count": 15,
        "area_km2": 211.28,
        "generated_by": "natural_jagged_polygons",
        "style": "jagged_boundaries"
      },
      "geometry": {
        "type": "Polygon",
        "coordinates": [
          [
            [
              71.5733109338874,
              34.06391972795554
            ],
            [
              71.58517048827585,
              34.05288663849938
            ],
            [
              71.59498069044123,
              34.040042537543236
            ],
            [
              71.5947578633198,
              34.039223184555034
            ],
            [
              71.59574463932805,
              34.03920007527705
            ],
            [
              71.5964536510909,
              34.03933688762491
            ],
            [
              71.59575295904185,
              34.038577426785324
            ],
            [
              71.59506646661065,
              34.03776161712207
            ],
            [
              71.59656398407607,
              34.03839185225246
            ],
            [
              71.59733855098573,
              34.038489439455994
            ],
            [
              71.59629531055718,
              34.03759356577674
            ],
            [
              71.59591376525611,
              34.037092727639944
            ],
            [
              71.59693666082703,
              34.037279284042825
            ],
            [
              71.59598607607525,
              34.03616505852101
            ],
            [
              71.59745131802947,
              34.036287207378436
            ],
            [
              71.5987331564613,
              34.03633832930429
            ],
            [
              71.59680911765966,
              34.03549149697535
            ],
            [
              71.59677081033277,
              34.03515868028626
            ],
            [
              71.59777636001891,
              34.035196091681144
            ],
            [
              71.59828223657851,
              34.03477057329682
            ],
            [
              71.598024711102,
              34.03409725677997
            ],
            [
              71.5972366817151,
              34.03348563889425
            ],
            [
              71.59820651409197,
              34.03300964766121
            ],
            [
              71.59694563914589,
              34.03273088628736
            ],
            [
              71.59745993456225,
              34.032434578650864
            ],
            [
              71.59867840702735,
              34.032141402044914
            ],
            [
              71.59828139230856,
              34.03191630762505
            ],
            [
              71.5994134547893,
              34.03148931555784
            ],
            [
              71.59748632243011,
              34.03134659434076
            ],
            [
              71.59755786156936,
              34.030927238962086
            ],
            [
              71.59798193907471,
              34.03064071569771
            ],
            [
              71.59841171707495,
              34.03026864223127
            ],
            [
              71.59730773543953,
              34.03014101716402
            ],
            [
              71.59792580517983,
              34.029625148607145
            ],
            [
              71.59782002046919,
              34.025753304880915
            ],
            [
              71.59685202969949,
              34.02201701462181
            ],
            [
              71.59599113967832,
              34.018261238983655
            ],
            [
              71.59461050706842,
              34.01487447794589
            ],
            [
              71.59301758661681,
              34.01492563738104
            ],
            [
              71.59517733451388,
              34.01394655052459
            ],
            [
              71.5937279332574,
              34.014193308377976
            ],
            [
              71.59434198051406,
              34.01382516262019
            ],
            [
              71.59467975713254,
              34.013256910237175
            ],
            [
              71.59437689085415,
              34.012968768728484
            ],
            [
              71.59363790162473,
              34.0125736368111
            ],
            [
              71.583814892997,
              33.993081045621764
            ],
            [
              71.57632739651532,
              33.9726588452178
            ],
            [
              71.57669656849235,
              33.971922654702986
            ],
            [
              71.57661558719877,
              33.971516584959
            ],
            [
              71.57566000192595,
              33.971522975594986
            ],
            [
              71.57592871541024,
              33.97067749867591
            ],
            [
              71.57498462221359,
              33.97050470241152
            ],
            [
              71.57589157264034,
              33.96955866480037
            ],
            [
              71.57509923561952,
              33.969917886990544
            ],
            [
              71.57522865643567,
              33.969463096703194
            ],
            [
              71.57439664593306,
              33.969676005706745
            ],
            [
              71.57456741139042,
              33.9686838188457
            ],
            [
              71.57359377566691,
              33.9688292595395
            ],
            [
              71.57413503332069,
              33.967809876840846
            ],
            [
              71.57268842619499,
              33.9691975877847
            ],
            [
              71.57257141728245,
              33.96872719036807
            ],
            [
              71.57291708027569,
              33.96820593054415
            ],
            [
              71.57295847053442,
              33.967261295840736
            ],
            [
              71.5717539834682,
              33.96849830997485
            ],
            [
              71.57125003688921,
              33.96855467193097
            ],
            [
              71.57169591126795,
              33.96733799343619
            ],
            [
              71.57160431602641,
              33.96660677116087
            ],
            [
              71.57063255198736,
              33.96671717180359
            ],
            [
              71.57007470265887,
              33.967411704325826
            ],
            [
              71.57031818588639,
              33.966195823332235
            ],
            [
              71.56987148272242,
              33.966443422487885
            ],
            [
              71.56991567095407,
              33.96489175981339
            ],
            [
              71.5693069168995,
              33.96542225540416
            ],
            [
              71.56886865447916,
              33.966133438484555
            ],
            [
              71.56808768359718,
              33.966290914930575
            ],
            [
              71.5677648564692,
              33.96588202979208
            ],
            [
              71.5672620519667,
              33.96504271895397
            ],
            [
              71.56685667879124,
              33.96532557620076
            ],
            [
              71.56648457647732,
              33.96563136139897
            ],
            [
              71.45083084737344,
              33.95677079137371
            ],
            [
              71.33532463225052,
              33.94649610044021
            ],
            [
              71.33460102176518,
              33.947961029331196
            ],
            [
              71.33403487346848,
              33.94635337662314
            ],
            [
              71.33376522198229,
              33.94719684066703
            ],
            [
              71.33331980723963,
              33.945670362916445
            ],
            [
              71.33292493319505,
              33.946446430758684
            ],
            [
              71.3323370435686,
              33.94549248141706
            ],
            [
              71.33204288678002,
              33.94680068083124
            ],
            [
              71.33194594492554,
              33.947963779668164
            ],
            [
              71.33122957357759,
              33.946343859067134
            ],
            [
              71.33127258307701,
              33.947451913610834
            ],
            [
              71.33098496874906,
              33.94712429392857
            ],
            [
              71.32983886641536,
              33.945721789644466
            ],
            [
              71.33032867208105,
              33.948031661880535
            ],
            [
              71.32975801759383,
              33.9474119846462
            ],
            [
              71.33003979327438,
              33.948773955444125
            ],
            [
              71.32935883631522,
              33.947885451177804
            ],
            [
              71.32937310813972,
              33.94858354231543
            ],
            [
              71.3287177163005,
              33.94790187879337
            ],
            [
              71.3289144944508,
              33.94940365742968
            ],
            [
              71.32779603361908,
              33.94853482499942
            ],
            [
              71.32658440043288,
              33.947871603874155
            ],
            [
              71.32697361151551,
              33.9492851750583
            ],
            [
              71.32542006688699,
              33.94864390427366
            ],
            [
              71.32603805655046,
              33.94999170239854
            ],
            [
              71.32680493852207,
              33.95095612363355
            ],
            [
              71.32510760897911,
              33.9499823177836
            ],
            [
              71.32601749612914,
              33.951046694716915
            ],
            [
              71.32541498715999,
              33.95093945397796
            ],
            [
              71.32554812887972,
              33.951720919833306
            ],
            [
              71.3244195416753,
              33.95163592786425
            ],
            [
              71.32310868110552,
              33.95168220386772
            ],
            [
              71.32400735529275,
              33.95273688109528
            ],
            [
              71.32310458298521,
              33.95265022448101
            ],
            [
              71.32428823034243,
              33.95366705214959
            ],
            [
              71.32338570937681,
              33.95367425901315
            ],
            [
              71.32277822083904,
              33.9538651842475
            ],
            [
              71.32256080269059,
              33.95422863771325
            ],
            [
              71.32302029043653,
              33.95476105102925
            ],
            [
              71.3239638641205,
              33.95530362452751
            ],
            [
              71.32250241312977,
              33.95526380758533
            ],
            [
              71.32403124991617,
              33.95594556569879
            ],
            [
              71.323014554627,
              33.95605696873778
            ],
            [
              71.32376651228928,
              33.95633114893959
            ],
            [
              71.32313837471173,
              33.95655888553801
            ],
            [
              71.32145709965465,
              33.9565743780399
            ],
            [
              71.3227750871973,
              33.95713431780925
            ],
            [
              71.32197072064115,
              33.95740811575185
            ],
            [
              71.32300585215363,
              33.957622588173486
            ],
            [
              71.32140838149563,
              33.957869827616705
            ],
            [
              71.3226585952995,
              33.95823100941547
            ],
            [
              71.32342302696021,
              33.95881155025339
            ],
            [
              71.32275067464474,
              33.9593958084241
            ],
            [
              71.32389224777403,
              33.95959738596392
            ],
            [
              71.32368097353957,
              33.959896457880944
            ],
            [
              71.32304052442569,
              33.960610739400494
            ],
            [
              71.32334464681887,
              33.960664827637984
            ],
            [
              71.3238986527539,
              33.96080012760322
            ],
            [
              71.32234769227547,
              33.96149543847133
            ],
            [
              71.32295467619478,
              33.96146479540025
            ],
            [
              71.32230283374231,
              33.96226867954455
            ],
            [
              71.32393292473732,
              33.961897208557346
            ],
            [
              71.32471235977222,
              33.96186583517089
            ],
            [
              71.32344134371952,
              33.96261307353461
            ],
            [
              71.32489436474488,
              33.962547542776306
            ],
            [
              71.32423294281483,
              33.96305038768681
            ],
            [
              71.3238801153224,
              33.96361364150539
            ],
            [
              71.3236446083525,
              33.96458107634294
            ],
            [
              71.32470796519758,
              33.96476581787917
            ],
            [
              71.32393737768322,
              33.965521588527096
            ],
            [
              71.32419570388785,
              33.965543981949615
            ],
            [
              71.32426422055288,
              33.96593562204314
            ],
            [
              71.32507938078507,
              33.96547232337218
            ],
            [
              71.32599138401827,
              33.965515430884246
            ],
            [
              71.32519107319554,
              33.96667412422354
            ],
            [
              71.32611411202896,
              33.96651275663663
            ],
            [
              71.32695692763735,
              33.9658565171741
            ],
            [
              71.32670056137825,
              33.96645484148234
            ],
            [
              71.32744669825571,
              33.96622899272116
            ],
            [
              71.32694317363487,
              33.96727583584342
            ],
            [
              71.32747509917789,
              33.96687434535534
            ],
            [
              71.3268660098116,
              33.96844057662939
            ],
            [
              71.32777288720904,
              33.96790425650012
            ],
            [
              71.3283242544433,
              33.96751258473504
            ],
            [
              71.32804787295645,
              33.968566109775765
            ],
            [
              71.32883821901369,
              33.96781893333228
            ],
            [
              71.32891831473059,
              33.968618111252816
            ],
            [
              71.32953040922888,
              33.968177920628904
            ],
            [
              71.32989525662944,
              33.969079292806725
            ],
            [
              71.40592364624321,
              34.002952240758646
            ],
            [
              71.48351334187457,
              34.033496586429145
            ],
            [
              71.55998431139375,
              34.06673835114174
            ],
            [
              71.56020209568565,
              34.06787512127978
            ],
            [
              71.56102505042449,
              34.0671228709774
            ],
            [
              71.56182653877762,
              34.06649157874237
            ],
            [
              71.56200770316669,
              34.06734424541462
            ],
            [
              71.56239027503182,
              34.06897041628489
            ],
            [
              71.5630398926918,
              34.067001945185744
            ],
            [
              71.56324598299445,
              34.067626254154156
            ],
            [
              71.56358482369666,
              34.068241096516886
            ],
            [
              71.56394059057124,
              34.0686316406519
            ],
            [
              71.56422737681612,
              34.06761537854689
            ],
            [
              71.56485034154436,
              34.066933201303875
            ],
            [
              71.56561204885375,
              34.06777998727692
            ],
            [
              71.56575632821331,
              34.06715084500449
            ],
            [
              71.5660433988233,
              34.068613097826294
            ],
            [
              71.56615650363783,
              34.06622756663344
            ],
            [
              71.56673756536128,
              34.067663587622185
            ],
            [
              71.56675408384251,
              34.06701788596355
            ],
            [
              71.56713755712337,
              34.06711003108867
            ],
            [
              71.56751224772073,
              34.06808671039663
            ],
            [
              71.56777336300664,
              34.06739288870208
            ],
            [
              71.56771209341197,
              34.066749584942585
            ],
            [
              71.56805853344845,
              34.06643730766007
            ],
            [
              71.56829227895027,
              34.066409951771206
            ],
            [
              71.56866438122442,
              34.06693827150603
            ],
            [
              71.56883954635107,
              34.06591289115431
            ],
            [
              71.56973506573935,
              34.06653651139385
            ],
            [
              71.57085528090478,
              34.067444487852875
            ],
            [
              71.57055589929875,
              34.065897263011216
            ],
            [
              71.57205615142642,
              34.06685285142392
            ],
            [
              71.57174614149118,
              34.06546488571037
            ],
            [
              71.57241524088668,
              34.06588329131528
            ],
            [
              71.57164080547597,
              34.0640914384104
            ],
            [
              71.57259894932358,
              34.06475593047522
            ],
            [
              71.57220590150115,
              34.06370953545163
            ],
            [
              71.5733109338874,
              34.06391972795554
            ]
          ]
        ]
      }
    },
    {
      "type": "Feature",
      "properties": {
        "city_name": "Rawalpindi",
        "station_count": 12,
        "area_km2": 490.39,
        "generated_by": "natural_jagged_polygons",
        "style": "jagged_boundaries"
      },
      "geometry": {
        "type": "Polygon",
        "coordinates": [
          [
            [
              72.89930068067962,
              33.2404071514361
            ],
            [
              72.95723508312342,
              33.42745013373621
            ],
            [
              73.0125784177725,
              33.61535906740113
            ],
            [
              73.01224697316832,
              33.61596238344212
            ],
            [
              73.01204609870784,
              33.61653244100522
            ],
            [
              73.01307450322541,
              33.616763582531014
            ],
            [
              73.01361204791957,
              33.61699556969306
            ],
            [
              73.01272873568098,
              33.617956846222114
            ],
            [
              73.01367932973415,
              33.6180903957268
            ],
            [
              73.01493895174869,
              33.61777664233565
            ],
            [
              73.01336306247605,
              33.61913955122986
            ],
            [
              73.01518972471449,
              33.61844110461245
            ],
            [
              73.01425641112203,
              33.619234968506845
            ],
            [
              73.01500742965393,
              33.6193603523763
            ],
            [
              73.01548911360088,
              33.61952744843973
            ],
            [
              73.01463554392289,
              33.620616053780964
            ],
            [
              73.01532364236715,
              33.62055245086417
            ],
            [
              73.01477869848735,
              33.62160687924479
            ],
            [
              73.01517662792108,
              33.62162308227843
            ],
            [
              73.01699074211182,
              33.62061855742777
            ],
            [
              73.01637751368165,
              33.62168470459146
            ],
            [
              73.0163001369851,
              33.62240874004404
            ],
            [
              73.01667452317884,
              33.6227459906435
            ],
            [
              73.01732610195015,
              33.62256345387392
            ],
            [
              73.01856899989556,
              33.622428641689915
            ],
            [
              73.01880411933084,
              33.623630858448976
            ],
            [
              73.02991071393483,
              33.63166321039532
            ],
            [
              73.04124926173728,
              33.63927565079075
            ],
            [
              73.05328646062,
              33.646167172805725
            ],
            [
              73.0536094049017,
              33.6456933461042
            ],
            [
              73.053306056871,
              33.64616330887109
            ],
            [
              73.05605028667897,
              33.64652771452549
            ],
            [
              73.0569156866818,
              33.64920148388712
            ],
            [
              73.0586101537406,
              33.65103928143212
            ],
            [
              73.06142291191739,
              33.651369797403575
            ],
            [
              73.06240315876035,
              33.65071869292358
            ],
            [
              73.06258777933292,
              33.65201681491469
            ],
            [
              73.06325428723758,
              33.65143425637532
            ],
            [
              73.06305024079386,
              33.65285208532265
            ],
            [
              73.06336209619306,
              33.65322555007551
            ],
            [
              73.06398270648981,
              33.6526421767255
            ],
            [
              73.06453365457179,
              33.652157322593595
            ],
            [
              73.06437984114689,
              33.6533910734814
            ],
            [
              73.06477982144766,
              33.65386108498874
            ],
            [
              73.06518560470992,
              33.65295395954152
            ],
            [
              73.06572724343603,
              33.65396222548679
            ],
            [
              73.0665237256261,
              33.652679764654806
            ],
            [
              73.06685579646123,
              33.65341903369943
            ],
            [
              73.06740131206612,
              33.65304677152961
            ],
            [
              73.06791181688642,
              33.652989278592294
            ],
            [
              73.068386444338,
              33.65361970958227
            ],
            [
              73.0691071929779,
              33.65254102871295
            ],
            [
              73.07001396942346,
              33.65373025894348
            ],
            [
              73.07078366680483,
              33.654924757481275
            ],
            [
              73.07119589207777,
              33.65338131499087
            ],
            [
              73.07167996349419,
              33.6528681157573
            ],
            [
              73.07248922551474,
              33.653633572714284
            ],
            [
              73.07275041670444,
              33.65315747720931
            ],
            [
              73.07367889194614,
              33.6539649278642
            ],
            [
              73.0740330706499,
              33.65343280350185
            ],
            [
              73.0742608052449,
              33.65278025330047
            ],
            [
              73.07500294292588,
              33.65337941841287
            ],
            [
              73.07485828119965,
              33.65166041499835
            ],
            [
              73.075720458672,
              33.652259482933516
            ],
            [
              73.08778018951476,
              33.64796529187423
            ],
            [
              73.09895794352417,
              33.64161024233003
            ],
            [
              73.09922577370398,
              33.64066113235569
            ],
            [
              73.10021178658391,
              33.64082520648902
            ],
            [
              73.10026161466953,
              33.63995799218312
            ],
            [
              73.10049737134887,
              33.63942292138446
            ],
            [
              73.10143523013033,
              33.63994064426541
            ],
            [
              73.10289854087924,
              33.64054527559723
            ],
            [
              73.10269575328086,
              33.63902192363809
            ],
            [
              73.10392993603902,
              33.63923944138506
            ],
            [
              73.10371709941818,
              33.63789442367285
            ],
            [
              73.10492874155241,
              33.63833690869595
            ],
            [
              73.10349392087747,
              33.636456478226286
            ],
            [
              73.10456740160922,
              33.63662502693995
            ],
            [
              73.10451694622513,
              33.63558693934283
            ],
            [
              73.10532972708752,
              33.63529130078988
            ],
            [
              73.11564265949177,
              33.6190972611568
            ],
            [
              73.12422011999529,
              33.601925790029505
            ],
            [
              73.13529066601757,
              33.58604347134526
            ],
            [
              73.1438242424793,
              33.56882579590354
            ],
            [
              73.14326483271843,
              33.56805526690986
            ],
            [
              73.14390741015661,
              33.56802200941469
            ],
            [
              73.14510885962889,
              33.56816297544086
            ],
            [
              73.14445330767319,
              33.56743414554547
            ],
            [
              73.143908703795,
              33.56678266175323
            ],
            [
              73.14434904495054,
              33.566332853398094
            ],
            [
              73.1451406670962,
              33.566118362091736
            ],
            [
              73.14441889429366,
              33.565537971894415
            ],
            [
              73.14618890781063,
              33.56561882764987
            ],
            [
              73.14672162895744,
              33.56528448419034
            ],
            [
              73.14543077305025,
              33.56457789955099
            ],
            [
              73.14655580996178,
              33.5644929059872
            ],
            [
              73.1462461553713,
              33.56390317828609
            ],
            [
              73.14488764041474,
              33.56341508651483
            ],
            [
              73.1456683327115,
              33.56307184542343
            ],
            [
              73.1443872069509,
              33.56250664259843
            ],
            [
              73.14656866628421,
              33.56220133549464
            ],
            [
              73.14578032678989,
              33.561566152193485
            ],
            [
              73.14440664865495,
              33.561176731828596
            ],
            [
              73.14493816093034,
              33.56056759201594
            ],
            [
              73.14591890703988,
              33.560183491431985
            ],
            [
              73.14459779969019,
              33.5597521625422
            ],
            [
              73.14637691036211,
              33.55897995714566
            ],
            [
              73.14550679565734,
              33.558534868409616
            ],
            [
              73.14430192904034,
              33.55855213909969
            ],
            [
              73.144592001721,
              33.5580668229791
            ],
            [
              73.14484550812162,
              33.557643462122584
            ],
            [
              73.14522386461847,
              33.5571100735441
            ],
            [
              73.1437931010185,
              33.55726286930652
            ],
            [
              73.14552028739604,
              33.556287623427224
            ],
            [
              73.1459707195875,
              33.55556988531075
            ],
            [
              73.14476241272799,
              33.555706234690675
            ],
            [
              73.14555029853173,
              33.55437359050288
            ],
            [
              73.14401571497412,
              33.55425967393961
            ],
            [
              73.14502649722812,
              33.55327889553557
            ],
            [
              73.14309472941089,
              33.553974622453026
            ],
            [
              73.14230527894333,
              33.554168745900405
            ],
            [
              73.14325589888082,
              33.55297030850772
            ],
            [
              73.06990778477234,
              33.44535330603206
            ],
            [
              72.99908785419427,
              33.33586346785379
            ],
            [
              72.9261624053728,
              33.227762308712684
            ],
            [
              72.92633851941633,
              33.22695724120936
            ],
            [
              72.92578700333536,
              33.22679142499171
            ],
            [
              72.9253507015309,
              33.22662508779623
            ],
            [
              72.92396981124122,
              33.22702459530931
            ],
            [
              72.92505912250148,
              33.22554935628707
            ],
            [
              72.92433095408009,
              33.225511910701144
            ],
            [
              72.924523124241,
              33.22422006838719
            ],
            [
              72.92308665773444,
              33.224415067094256
            ],
            [
              72.9229005844447,
              33.22374835814286
            ],
            [
              72.9221632183487,
              33.22371851451271
            ],
            [
              72.92202531413861,
              33.221981915106575
            ],
            [
              72.92084177921579,
              33.22291953585534
            ],
            [
              72.91983590983108,
              33.223891741966845
            ],
            [
              72.91941833592315,
              33.223327679019825
            ],
            [
              72.91926920702258,
              33.22211972490705
            ],
            [
              72.91854833812417,
              33.222804751864224
            ],
            [
              72.91801483642692,
              33.2217147192157
            ],
            [
              72.91755922260008,
              33.220653375470135
            ],
            [
              72.91667576553691,
              33.22141793480544
            ],
            [
              72.91609829368626,
              33.220480897607075
            ],
            [
              72.91504298164415,
              33.22107689800453
            ],
            [
              72.91444993280847,
              33.22186933664644
            ],
            [
              72.91352942386517,
              33.22097294862393
            ],
            [
              72.91320025103504,
              33.222371287557785
            ],
            [
              72.9127434101553,
              33.22065328353134
            ],
            [
              72.9121875066983,
              33.22113358072064
            ],
            [
              72.91198280170853,
              33.222129366504355
            ],
            [
              72.91143659085822,
              33.22188167791842
            ],
            [
              72.91078991161335,
              33.221389085213474
            ],
            [
              72.91033130308959,
              33.22250470692655
            ],
            [
              72.90918432677289,
              33.22162096956812
            ],
            [
              72.90841793516181,
              33.22135098097988
            ],
            [
              72.9078027738768,
              33.22211860086579
            ],
            [
              72.90735914478084,
              33.22190515784373
            ],
            [
              72.90752342550381,
              33.223316645515716
            ],
            [
              72.9067480073526,
              33.222939810810885
            ],
            [
              72.9068557770746,
              33.2242609073477
            ],
            [
              72.90533537466881,
              33.2226521453194
            ],
            [
              72.90531789789361,
              33.22357809987086
            ],
            [
              72.9039929396078,
              33.22289410299389
            ],
            [
              72.90426625704906,
              33.22454535893569
            ],
            [
              72.90284669161468,
              33.223978671949816
            ],
            [
              72.90295536624619,
              33.22537879147226
            ],
            [
              72.90316706533625,
              33.22617222728279
            ],
            [
              72.90305121081968,
              33.226730708478954
            ],
            [
              72.90211025677696,
              33.226569067285965
            ],
            [
              72.90291917208866,
              33.22759705120364
            ],
            [
              72.902130738434,
              33.22753518415567
            ],
            [
              72.90072184887687,
              33.226788034404315
            ],
            [
              72.90109282614245,
              33.2276523661457
            ],
            [
              72.9003886966986,
              33.228226687061294
            ],
            [
              72.90040688962236,
              33.22896407891889
            ],
            [
              72.89956651870702,
              33.229386046097694
            ],
            [
              72.89972872302585,
              33.23026035379749
            ],
            [
              72.89922567709921,
              33.23041625941068
            ],
            [
              72.89928754507572,
              33.23081601630607
            ],
            [
              72.8985193450892,
              33.23107366484231
            ],
            [
              72.89945515500472,
              33.231801926881225
            ],
            [
              72.89832071660045,
              33.23184112136077
            ],
            [
              72.89849047088353,
              33.2323472318708
            ],
            [
              72.89812556060525,
              33.23247694111006
            ],
            [
              72.89914867151786,
              33.233265859333194
            ],
            [
              72.89832657192886,
              33.23373364377818
            ],
            [
              72.89863130790471,
              33.23451142234931
            ],
            [
              72.8994650898367,
              33.23542034084654
            ],
            [
              72.89883143823752,
              33.236173005166116
            ],
            [
              72.89809196498194,
              33.23643687946131
            ],
            [
              72.89910902228992,
              33.2368060878856
            ],
            [
              72.89977745065542,
              33.23721200530884
            ],
            [
              72.89869432901003,
              33.237497651550584
            ],
            [
              72.90002007424437,
              33.23794547450014
            ],
            [
              72.89796555115171,
              33.23869234618719
            ],
            [
              72.89880485810032,
              33.23888110399581
            ],
            [
              72.89975920724122,
              33.23952013137192
            ],
            [
              72.89930068067962,
              33.2404071514361
            ]
          ]
        ]
      }
    },
    {
      "type": "Feature",
      "properties": {
        "city_name": "Islamabad",
        "station_count": 10,
        "area_km2": 278.81,
        "generated_by": "natural_jagged_polygons",
        "style": "jagged_boundaries"
      },
      "geometry": {
        "type": "Polygon",
        "coordinates": [
          [
            [
              73.05950491379971,
              33.741155971598204
            ],
            [
              73.07048262528716,
              33.741096639825685
            ],
            [
              73.08145832770599,
              33.74104085849187
            ],
            [
              73.08179582802752,
              33.73979933906965
            ],
            [
              73.08224446775978,
              33.74054208706797
            ],
            [
              73.08278421133063,
              33.741092226383266
            ],
            [
              73.10019723545913,
              33.73908981055828
            ],
            [
              73.11750701558465,
              33.73600929149442
            ],
            [
              73.11809253884505,
              33.73653221272387
            ],
            [
              73.1185191504691,
              33.73585754526846
            ],
            [
              73.11906110143656,
              33.73629990757735
            ],
            [
              73.1195679968994,
              33.73565706974069
            ],
            [
              73.11939358397683,
              33.734569175086
            ],
            [
              73.11978953745057,
              33.73482239774298
            ],
            [
              73.12047440593601,
              33.73529065040502
            ],
            [
              73.1203279920204,
              33.7345325290173
            ],
            [
              73.1206688075663,
              33.734267911820105
            ],
            [
              73.12111778693698,
              33.73468264395135
            ],
            [
              73.12195095008018,
              33.735454796059415
            ],
            [
              73.12181172542007,
              33.734780109345806
            ],
            [
              73.1213422228038,
              33.733593659181466
            ],
            [
              73.12201385431482,
              33.734203324149505
            ],
            [
              73.12299072181564,
              33.73480094458574
            ],
            [
              73.12224446966515,
              33.73345491096156
            ],
            [
              73.12277399200232,
              33.73359035571757
            ],
            [
              73.122687909538,
              33.73276349429581
            ],
            [
              73.12367621576205,
              33.733048382980414
            ],
            [
              73.12314444625679,
              33.73187241893799
            ],
            [
              73.12414738057642,
              33.73218648712901
            ],
            [
              73.15797697960743,
              33.68919995307976
            ],
            [
              73.19249807435332,
              33.64679089290397
            ],
            [
              73.22806898024929,
              33.60523514167375
            ],
            [
              73.26162028274902,
              33.56206751864983
            ],
            [
              73.26138855755816,
              33.561538404743764
            ],
            [
              73.2625887207039,
              33.56199824558637
            ],
            [
              73.26212890417179,
              33.56118349457425
            ],
            [
              73.26336633371356,
              33.561587716882904
            ],
            [
              73.26198196723624,
              33.560279312814885
            ],
            [
              73.26294184910564,
              33.56051583777902
            ],
            [
              73.26393143470287,
              33.56063736675594
            ],
            [
              73.26239560652351,
              33.55949617491992
            ],
            [
              73.26313356202245,
              33.559428241149874
            ],
            [
              73.26430240662937,
              33.559624231731924
            ],
            [
              73.2626807844849,
              33.55871026769495
            ],
            [
              73.26269488782191,
              33.55842995126812
            ],
            [
              73.26342631584716,
              33.558437737741095
            ],
            [
              73.26276445981767,
              33.55801980418264
            ],
            [
              73.26314273159609,
              33.55792545590529
            ],
            [
              73.26465389097808,
              33.55794995551029
            ],
            [
              73.26383927621362,
              33.557568938601214
            ],
            [
              73.2634471581463,
              33.55721033917451
            ],
            [
              73.2636585423753,
              33.556906368896506
            ],
            [
              73.26380074296463,
              33.55643249698195
            ],
            [
              73.26510344630292,
              33.556343839359556
            ],
            [
              73.264735251478,
              33.55600712300365
            ],
            [
              73.26464010975714,
              33.555885062505205
            ],
            [
              73.26401610105074,
              33.55553257242013
            ],
            [
              73.26497013008319,
              33.55527332918509
            ],
            [
              73.26433523621913,
              33.55505335620535
            ],
            [
              73.26459425955133,
              33.55473247456368
            ],
            [
              73.26403260576225,
              33.55456208309813
            ],
            [
              73.26448509194478,
              33.55391581529346
            ],
            [
              73.26396186206362,
              33.55360834923212
            ],
            [
              73.26481603366652,
              33.55302464435839
            ],
            [
              73.26416536938792,
              33.55291182360677
            ],
            [
              73.26330499962259,
              33.552894030686204
            ],
            [
              73.26359440614304,
              33.552533214030014
            ],
            [
              73.26263841841012,
              33.552672984936834
            ],
            [
              73.26278210391858,
              33.55219479602157
            ],
            [
              73.26264856678007,
              33.552078076500216
            ],
            [
              73.26327001484573,
              33.55158218099393
            ],
            [
              73.26378857837517,
              33.5507194364421
            ],
            [
              73.26274249159404,
              33.55058969233182
            ],
            [
              73.26317401474435,
              33.55004745499895
            ],
            [
              73.26301466123982,
              33.54982440859296
            ],
            [
              73.26232210180243,
              33.549778770255486
            ],
            [
              73.26301164908936,
              33.54878819068537
            ],
            [
              73.26148752696015,
              33.54938809978609
            ],
            [
              73.26172360829361,
              33.54895458711445
            ],
            [
              73.26175311827832,
              33.548174940035324
            ],
            [
              73.26115003021064,
              33.54826305132341
            ],
            [
              73.26023261658725,
              33.54824500158106
            ],
            [
              73.26027510717762,
              33.54747849673473
            ],
            [
              73.25946921418478,
              33.54803136989231
            ],
            [
              73.25971023199267,
              33.54738027889247
            ],
            [
              73.25937256012504,
              33.5474273886873
            ],
            [
              73.25944851161933,
              33.546847305826134
            ],
            [
              73.25906209502067,
              33.54696642827953
            ],
            [
              73.25875063508116,
              33.54681362769768
            ],
            [
              73.25853465954692,
              33.54627506215637
            ],
            [
              73.25801860967434,
              33.54675295146036
            ],
            [
              73.25823539939668,
              33.54546066699383
            ],
            [
              73.25784031010096,
              33.545975865434606
            ],
            [
              73.25704022798992,
              33.54602973275346
            ],
            [
              73.2566645092245,
              33.54545729800724
            ],
            [
              73.25625569099783,
              33.546551482289956
            ],
            [
              73.25645081695608,
              33.54487339040373
            ],
            [
              73.25630957696856,
              33.544395671893064
            ],
            [
              73.25579020027024,
              33.54526456866979
            ],
            [
              73.25564312670244,
              33.5443856607648
            ],
            [
              73.25545618347829,
              33.54442260377538
            ],
            [
              73.2552047700069,
              33.544103024440496
            ],
            [
              73.25468479259384,
              33.54502093738676
            ],
            [
              73.25436774448004,
              33.545459147369726
            ],
            [
              73.25400705363606,
              33.54536401508278
            ],
            [
              73.25377635626475,
              33.545021088361274
            ],
            [
              73.25357361065434,
              33.54598875102334
            ],
            [
              73.25315552021446,
              33.54435938428462
            ],
            [
              73.25291314529483,
              33.54413457871649
            ],
            [
              73.25285036094058,
              33.545108893742515
            ],
            [
              73.2525219291508,
              33.545540931200975
            ],
            [
              73.25206014611045,
              33.5454619954498
            ],
            [
              73.25171211683212,
              33.5451411780843
            ],
            [
              73.25138328674268,
              33.54574376939925
            ],
            [
              73.25070705162477,
              33.54535197673876
            ],
            [
              73.25089551612193,
              33.546492567650176
            ],
            [
              73.24997364024784,
              33.54477300152825
            ],
            [
              73.25022709408263,
              33.546076180629385
            ],
            [
              73.24960879777913,
              33.545574269675946
            ],
            [
              73.18168386095023,
              33.57213813847459
            ],
            [
              73.1342694610015,
              33.589257313333164
            ],
            [
              73.1250821587193,
              33.60243784321857
            ],
            [
              73.11653725906196,
              33.61954412982769
            ],
            [
              73.11648614082105,
              33.61963441965031
            ],
            [
              73.1061732084168,
              33.63582845928339
            ],
            [
              73.10611934038991,
              33.6359049055753
            ],
            [
              73.10605856656309,
              33.63597598540257
            ],
            [
              73.10599141845209,
              33.63604107711523
            ],
            [
              73.10591848332083,
              33.63609961143421
            ],
            [
              73.10584039904539,
              33.63615107643006
            ],
            [
              73.1057578485352,
              33.63619502200023
            ],
            [
              73.10567155376052,
              33.63623106380555
            ],
            [
              73.10555155531385,
              33.63627471169242
            ],
            [
              73.10556622251532,
              33.63657648008072
            ],
            [
              73.1055661493274,
              33.63667505688507
            ],
            [
              73.1055563709167,
              33.63677314752884
            ],
            [
              73.10553698230385,
              33.63686979882683
            ],
            [
              73.10550817189558,
              33.63696407158052
            ],
            [
              73.10547021965394,
              33.63705504970462
            ],
            [
              73.1054234943757,
              33.63714184912908
            ],
            [
              73.10536845010871,
              33.63722362638988
            ],
            [
              73.10535216202629,
              33.637243318924526
            ],
            [
              73.10572374268543,
              33.6377303007513
            ],
            [
              73.1057797804445,
              33.637811806035344
            ],
            [
              73.10582749219921,
              33.637898448578184
            ],
            [
              73.1058664111692,
              33.637989380726204
            ],
            [
              73.10589615659686,
              33.63808371285912
            ],
            [
              73.1059164374725,
              33.63818052209345
            ],
            [
              73.1059270553814,
              33.638278861311356
            ],
            [
              73.10592790644492,
              33.638377768426665
            ],
            [
              73.1059189823368,
              33.63847627579727
            ],
            [
              73.10590037036467,
              33.63857341969188
            ],
            [
              73.10587225261578,
              33.63866824971859
            ],
            [
              73.10583490417571,
              33.63875983812284
            ],
            [
              73.105788690437,
              33.63884728886396
            ],
            [
              73.10573406352445,
              33.63892974638146
            ],
            [
              73.1056715578718,
              33.63900640396527
            ],
            [
              73.10560178499324,
              33.63907651164805
            ],
            [
              73.10552542750067,
              33.63913938354238
            ],
            [
              73.10544323242554,
              33.63919440455102
            ],
            [
              73.10535600391036,
              33.639241036384654
            ],
            [
              73.10526459534151,
              33.6392788228281
            ],
            [
              73.10516990100025,
              33.639307394203676
            ],
            [
              73.10507284731369,
              33.639326470987854
            ],
            [
              73.10497438379123,
              33.63933586654593
            ],
            [
              73.10492404139994,
              33.63933567436443
            ],
            [
              73.10491967099391,
              33.6393823564615
            ],
            [
              73.1049004309733,
              33.63948056289496
            ],
            [
              73.10487147175458,
              33.63957635457318
            ],
            [
              73.1048330833551,
              33.639668772172975
            ],
            [
              73.1047856502225,
              33.639756890161465
            ],
            [
              73.10472964738447,
              33.639839826065035
            ],
            [
              73.10466563569167,
              33.63991674930697
            ],
            [
              73.10459425620083,
              33.639986889525474
            ],
            [
              73.10451622375484,
              33.64004954428857
            ],
            [
              73.10443231982384,
              33.64010408612873
            ],
            [
              73.104343384679,
              33.64014996882676
            ],
            [
              73.10425030897753,
              33.64018673288205
            ],
            [
              73.10415402484297,
              33.64021401011426
            ],
            [
              73.10405549653031,
              33.6402315273506
            ],
            [
              73.10395571076926,
              33.64023910916151
            ],
            [
              73.10386631668572,
              33.64023693824572
            ],
            [
              73.1038897965477,
              33.640413320302734
            ],
            [
              73.10389801016635,
              33.64051270038998
            ],
            [
              73.10389628519705,
              33.64061240440071
            ],
            [
              73.10388463879269,
              33.64071144089166
            ],
            [
              73.10386318676353,
              33.6408088250573
            ],
            [
              73.10383214242567,
              33.64090358852262
            ],
            [
              73.1037918144798,
              33.640994788972485
            ],
            [
              73.1037426039416,
              33.64108151952191
            ],
            [
              73.10368500015403,
              33.64116291773399
            ],
            [
              73.10361957592137,
              33.641238174195884
            ],
            [
              73.10354698181341,
              33.641306540567456
            ],
            [
              73.10346793969616,
              33.64136733702273
            ],
            [
              73.10338323555379,
              33.64141995900994
            ],
            [
              73.10329371167288,
              33.641463883263135
            ],
            [
              73.10320025826682,
              33.641498673005465
            ],
            [
              73.10310380462371,
              33.64152398229242
            ],
            [
              73.1030053098656,
              33.64153955945185
            ],
            [
              73.10290575341106,
              33.641545249586585
            ],
            [
              73.10280612523609,
              33.6415409961147
            ],
            [
              73.1027074160298,
              33.64152684133213
            ],
            [
              73.10261060734328,
              33.64150292599214
            ],
            [
              73.10251666182904,
              33.641469487905646
            ],
            [
              73.10120530953333,
              33.64092764490638
            ],
            [
              73.10119962495854,
              33.64098069071846
            ],
            [
              73.10117949004554,
              33.64107729776286
            ],
            [
              73.10114993131133,
              33.6411714498578
            ],
            [
              73.10111123660877,
              33.64126223011857
            ],
            [
              73.10106378275988,
              33.6413487544965
            ],
            [
              73.10100803188617,
              33.64143018038815
            ],
            [
              73.10094452690838,
              33.64150571484085
            ],
            [
              73.10087388625928,
              33.64157462227474
            ],
            [
              73.10079679786124,
              33.64163623164609
            ],
            [
              73.10071401242696,
              33.64168994298216
            ],
            [
              73.1006263361488,
              33.641735233223926
            ],
            [
              73.1005346228478,
              33.6417716613198
            ],
            [
              73.10043976565888,
              33.641798872520766
            ],
            [
              73.10034268833316,
              33.641816601835004
            ],
            [
              73.10024433624227,
              33.6418246766085
            ],
            [
              73.10014566717187,
              33.6418230182064
            ],
            [
              73.10004764199451,
              33.641811642778784
            ],
            [
              73.09994498393807,
              33.64179456031264
            ],
            [
              73.09992035809039,
              33.64188182694434
            ],
            [
              73.09988940480339,
              33.64197408279686
            ],
            [
              73.09984963127827,
              33.642062893353646
            ],
            [
              73.0998014141404,
              33.6421474176455
            ],
            [
              73.09974520996984,
              33.642226855290915
            ],
            [
              73.09968155097782,
              33.6423004540751
            ],
            [
              73.09961103996714,
              33.64236751707289
            ],
            [
              73.09953434462409,
              33.642427409248114
            ],
            [
              73.09945219119591,
              33.64247956346688
            ],
            [
              73.0882744371865,
              33.648834613011076
            ],
            [
              73.08819662733313,
              33.64887445607471
            ],
            [
              73.08811563512734,
              33.64890735144825
            ],
            [
              73.07605590428457,
              33.65320154250754
            ],
            [
              73.07599311208104,
              33.65322059631814
            ],
            [
              73.07599942064064,
              33.653295560414016
            ],
            [
              73.07600285459218,
              33.653392709748914
            ],
            [
              73.07599683959313,
              33.653489733483546
            ],
            [
              73.07598143248399,
              33.65358571476444
            ],
            [
              73.0759567788586,
              33.653679746589106
            ],
            [
              73.07592311168845,
              33.65377094037699
            ],
            [
              73.07588074912105,
              33.65385843436637
            ],
            [
              73.07583009147359,
              33.65394140175784
            ],
            [
              73.07577161744993,
              33.65401905852736
            ],
            [
              73.07570587961706,
              33.65409067083514
            ],
            [
              73.0756334991834,
              33.65415556196023
            ],
            [
              73.07555516012847,
              33.65421311869544
            ],
            [
              73.07547160273954,
              33.65426279714198
            ],
            [
              73.07538361661601,
              33.6543041278492
            ],
            [
              73.07529203320783,
              33.65433672025078
            ],
            [
              73.07519771795856,
              33.65436026635554
            ],
            [
              73.07510156212705,
              33.65437454365783
            ],
            [
              73.07500447436526,
              33.654379417240214
            ],
            [
              73.07490737213169,
              33.65437484104839
            ],
            [
              73.07481117302162,
              33.65436085832637
            ],
            [
              73.07471678609596,
              33.6543376012079
            ],
            [
              73.07464818955965,
              33.65431342575367
            ],
            [
              73.07451135420071,
              33.65451900962236
            ],
            [
              73.07445190448492,
              33.654599318607275
            ],
            [
              73.07438473716518,
              33.65467329396077
            ],
            [
              73.07431052282669,
              33.65474019712758
            ],
            [
              73.07423000241072,
              33.65479936015974
            ],
            [
              73.0741439798171,
              33.65485019238529
            ],
            [
              73.07405331387838,
              33.65489218630534
            ],
            [
              73.0739589097853,
              33.65492492266093
            ],
            [
              73.07386171004964,
              33.65494807461878
            ],
            [
              73.07376268509428,
              33.65496141103432
            ],
            [
              73.07366282356473,
              33.65496479875943
            ],
            [
              73.07356312245871,
              33.654958203971724
            ],
            [
              73.0734645771723,
              33.65494169251227
            ],
            [
              73.07336817156212,
              33.6549154292282
            ],
            [
              73.07327486812265,
              33.65487967632693
            ],
            [
              73.07318559837695,
              33.654834790758336
            ],
            [
              73.07310125357645,
              33.65478122065105
            ],
            [
              73.07302267580293,
              33.654719500838404
            ],
            [
              73.07284667406795,
              33.65456644051994
            ],
            [
              73.0727846713723,
              33.65458893219911
            ],
            [
              73.07269160288776,
              33.65461288032627
            ],
            [
              73.07259666539643,
              33.65462778429731
            ],
            [
              73.07250073567035,
              33.65463350647025
            ],
            [
              73.07240469964503,
              33.65462999399936
            ],
            [
              73.07230944423773,
              33.654617279323205
            ],
            [
              73.07221584915648,
              33.65459547986507
            ],
            [
              73.07212477877577,
              33.654564796948534
            ],
            [
              73.07203707415385,
              33.654525513938154
            ],
            [
              73.07195354526533,
              33.65447799362259
            ],
            [
              73.07194049493619,
              33.65446880665416
            ],
            [
              73.07174980183882,
              33.65518279448658
            ],
            [
              73.0717205586667,
              33.65527437675872
            ],
            [
              73.07168265629433,
              33.65536272768318
            ],
            [
              73.07163644503346,
              33.65544703067871
            ],
            [
              73.07158235199056,
              33.65552650657691
            ],
            [
              73.07152087711924,
              33.655600420823724
            ],
            [
              73.07145258859951,
              33.65566809026852
            ],
            [
              73.07137811758636,
              33.655728889478105
            ],
            [
              73.07129815237633,
              33.65578225651726
            ],
            [
              73.0712134320459,
              33.65582769814243
            ],
            [
              73.07112473962069,
              33.65586479436049
            ],
            [
              73.07103289483825,
              33.65589320231055
            ],
            [
              73.07093874657178,
              33.65591265943283
            ],
            [
              73.07084316498435,
              33.65592298589534
            ],
            [
              73.07074703348643,
              33.65592408625599
            ],
            [
              73.07065124057107,
              33.655915950344756
            ],
            [
              73.07055667160195,
              33.655898653357575
            ],
            [
              73.07046420063047,
              33.655872355161435
            ],
            [
              73.07037468231735,
              33.65583729881678
            ],
            [
              73.07028894403341,
              33.65579380833101
            ],
            [
              73.07020777821265,
              33.655742285663905
            ],
            [
              73.0701319350282,
              33.655683207012444
            ],
            [
              73.07006211545885,
              33.65561711840963
            ],
            [
              73.06999896481027,
              33.655544630677774
            ],
            [
              73.0699430667508,
              33.655466413782975
            ],
            [
              73.06919478699875,
              33.654305153408046
            ],
            [
              73.06915756693863,
              33.654256339589715
            ],
            [
              73.06909042721725,
              33.654329926524994
            ],
            [
              73.06901571174132,
              33.654396898449356
            ],
            [
              73.06893466102709,
              33.654456045915225
            ],
            [
              73.06884809106404,
              33.65450677344713
            ],
            [
              73.06875687340748,
              33.65454857033851
            ],
            [
              73.06866192640403,
              33.65458101579327
            ],
            [
              73.06856420594606,
              33.654603783162194
            ],
            [
              73.06846469584802,
              33.65461664323161
            ],
            [
              73.06836439794188,
              33.654619466530946
            ],
            [
              73.06826432199092,
              33.65461222463624
            ],
            [
              73.06816547552393,
              33.65459499045628
            ],
            [
              73.06806885369163,
              33.65456793749862
            ],
            [
              73.06797542924792,
              33.65453133812271
            ],
            [
              73.0678861427566,
              33.65448556079793
            ],
            [
              73.067801893122,
              33.654431066393954
            ],
            [
              73.06772352853918,
              33.654368403540886
            ],
            [
              73.06765183795461,
              33.65429820310582
            ],
            [
              73.06758754312341,
              33.65422117184154
            ],
            [
              73.06754236697327,
              33.65416116594647
            ],
            [
              73.06741946371068,
              33.65424503565578
            ],
            [
              73.0673367474364,
              33.65429578118844
            ],
            [
              73.06724950200297,
              33.6543382703101
            ],
            [
              73.06715854900858,
              33.65437210289685
            ],
            [
              73.06706474496586,
              33.65439696034413
            ],
            [
              73.06696897323604,
              33.654412608567085
            ],
            [
              73.06687213571021,
              33.65441890020499
            ],
            [
              73.0667751443162,
              33.6544157760089
            ],
            [
              73.06667891243077,
              33.65440326539967
            ],
            [
              73.06663655387709,
              33.65439350994528
            ],
            [
              73.06657674347717,
              33.6544898140387
            ],
            [
              73.06652003548014,
              33.6545717177138
            ],
            [
              73.0664554598078,
              33.65464757278261
            ],
            [
              73.06638365730969,
              33.654716626458736
            ],
            [
              73.06630534055444,
              33.654778193452884
            ],
            [
              73.0662212867582,
              33.65483166277366
            ],
            [
              73.06613233007167,
              33.654876503791044
            ],
            [
              73.06603935330172,
              33.654912271502376
            ],
            [
              73.06594327915069,
              33.65493861094858
            ],
            [
              73.0658450610593,
              33.654955260736735
            ],
            [
              73.06574567374477,
              33.65496205563422
            ],
            [
              73.06564610352768,
              33.6549589282084
            ],
            [
              73.06554733854378,
              33.65494590949588
            ],
            [
              73.06545035893762,
              33.65492312869447
            ],
            [
              73.0653561271357,
              33.65489081188106
            ],
            [
              73.06526557829525,
              33.65484927976799
            ],
            [
              73.0651796110238,
              33.65479894452031
            ],
            [
              73.06516080510805,
              33.654785251210065
            ],
            [
              73.06515279237897,
              33.65478892801663
            ],
            [
              73.06506214401308,
              33.65482040452313
            ],
            [
              73.06496889605017,
              33.65484304771445
            ],
            [
              73.06487390710785,
              33.654856649094434
            ],
            [
              73.06477805183451,
              33.65486108342297
            ],
            [
              73.06468221285556,
              33.65485630986923
            ],
            [
              73.06458727264646,
              33.6548423723876
            ],
            [
              73.06449410540682,
              33.65481939931296
            ],
            [
              73.06440356901098,
              33.65478760217903
            ],
            [
              73.0643164971087,
              33.65474727377051
            ],
            [
              73.06423369144908,
              33.65469878542723
            ],
            [
              73.06415591449806,
              33.654642583624856
            ],
            [
              73.06408388241779,
              33.65457918586377
            ],
            [
              73.06401825847222,
              33.654509175903996
            ],
            [
              73.06372024571651,
              33.65415898509649
            ],
            [
              73.06363384012964,
              33.6541879196682
            ],
            [
              73.06354048589145,
              33.65420950999111
            ],
            [
              73.06344549382963,
              33.65422206642471
            ],
            [
              73.06334973608112,
              33.65422547368641
            ],
            [
              73.06325409181274,
              33.65421970049362
            ],
            [
              73.06315943914939,
              33.65420479985092
            ],
            [
              73.06306664711194,
              33.65418090856344
            ],
            [
              73.06297656763854,
              33.65414824598081
            ],
            [
              73.06289002776289,
              33.65410711198328
            ],
            [
              73.06280782202104,
              33.6540578842285
            ],
            [
              73.06273070515675,
              33.65400101468416
            ],
            [
              73.06265938519196,
              33.65393702547841
            ],
            [
              73.06259451692637,
              33.65386650410611
            ],
            [
              73.06228266152716,
              33.65349303935325
            ],
            [
              73.06222635027594,
              33.653418834309846
            ],
            [
              73.06217718820737,
              33.65333971138968
            ],
            [
              73.06213560191773,
              33.65325635716966
            ],
            [
              73.0621019522656,
              33.65316949494316
            ],
            [
              73.06207653124065,
              33.65307987844372
            ],
            [
              73.0620595594299,
              33.65298828530467
            ],
            [
              73.0620511841036,
              33.652895510311325
            ],
            [
              73.06205129624327,
              33.652859959549275
            ],
            [
              73.06198378775497,
              33.65281380561336
            ],
            [
              73.06190897893255,
              33.65275113774319
            ],
            [
              73.06184063474845,
              33.65268147646007
            ],
            [
              73.06177940608686,
              33.65260548519173
            ],
            [
              73.06172587606639,
              33.65252388765026
            ],
            [
              73.06168055448671,
              33.6524374609398
            ],
            [
              73.06164387297342,
              33.65234702815566
            ],
            [
              73.06164299612122,
              33.652344065082616
            ],
            [
              73.06160630412076,
              33.6523528372297
            ],
            [
              73.06150678079621,
              33.652366274202684
            ],
            [
              73.06140641161674,
              33.652369661264345
            ],
            [
              73.06130620885016,
              33.652362964254664
            ],
            [
              73.05849345067337,
              33.65203244828321
            ],
            [
              73.05839362932934,
              33.652015558636265
            ],
            [
              73.05829602726547,
              33.65198866257666
            ],
            [
              73.05820164486002,
              33.651952035777214
            ],
            [
              73.05811144949122,
              33.65190605364651
            ],
            [
              73.058026365622,
              33.65185118748122
            ],
            [
              73.05794726532464,
              33.65178799963544
            ],
            [
              73.05787495934247,
              33.65171713775684
            ],
            [
              73.05618049228367,
              33.64987934021184
            ],
            [
              73.05611173616063,
              33.64979618007805
            ],
            [
              73.0560523404434,
              33.64970609588919
            ],
            [
              73.05600299667705,
              33.64961013649658
            ],
            [
              73.05596427937165,
              33.6495094191566
            ],
            [
              73.05529317624085,
              33.64743595603697
            ],
            [
              73.05326661349157,
              33.64716684922868
            ],
            [
              73.05326400062185,
              33.64716692054815
            ],
            [
              73.05316479974138,
              33.6471597445314
            ],
            [
              73.05306680236801,
              33.64714274968754
            ],
            [
              73.05297097792216,
              33.64711610413483
            ],
            [
              73.0528782743289,
              33.647080071459335
            ],
            [
              73.05278960864095,
              33.647035008107444
            ],
            [
              73.04075240975823,
              33.64014348609247
            ],
            [
              73.04069185705244,
              33.640105891730066
            ],
            [
              73.03180323885924,
              33.63413827776641
            ],
            [
              73.01252979287752,
              33.65058072929075
            ],
            [
              72.9847933683159,
              33.67734121227923
            ],
            [
              72.98519895772044,
              33.67825820664076
            ],
            [
              72.98418627257425,
              33.677514408766875
            ],
            [
              72.98336007819762,
              33.67714848452906
            ],
            [
              72.98380236341659,
              33.67791952242934
            ],
            [
              72.9841066273649,
              33.67884213941711
            ],
            [
              72.98309520784557,
              33.67871259416207
            ],
            [
              72.98227141733854,
              33.67854225690012
            ],
            [
              72.98279020194383,
              33.67908697577238
            ],
            [
              72.98227513557616,
              33.679139500335985
            ],
            [
              72.98259234429969,
              33.679651657489146
            ],
            [
              72.98340388530461,
              33.680692520931494
            ],
            [
              72.9821304493478,
              33.68060927579932
            ],
            [
              72.98297504426763,
              33.68126392817629
            ],
            [
              72.98131525319408,
              33.68091610869846
            ],
            [
              72.98286775075124,
              33.681827559754915
            ],
            [
              72.98184318054713,
              33.681666001967955
            ],
            [
              72.9828528749704,
              33.68214076430428
            ],
            [
              72.98218954492414,
              33.68236359399208
            ],
            [
              72.98258668011833,
              33.6827432620314
            ],
            [
              72.98136150614386,
              33.68255074123194
            ],
            [
              72.98201058389381,
              33.68306804682983
            ],
            [
              72.9809429141372,
              33.68327538887499
            ],
            [
              72.98141450595931,
              33.68376144150936
            ],
            [
              72.98245329281718,
              33.684046051313636
            ],
            [
              72.98068418178536,
              33.684406423730685
            ],
            [
              72.98117763234771,
              33.68470900206699
            ],
            [
              72.98163693144392,
              33.685012481213796
            ],
            [
              72.98180997670927,
              33.68541507510293
            ],
            [
              72.98116388058693,
              33.68574121380953
            ],
            [
              72.98201847834542,
              33.6860009680742
            ],
            [
              72.98208424417584,
              33.68630092054404
            ],
            [
              72.9820630518986,
              33.68644495346957
            ],
            [
              72.98135813160525,
              33.68683691399351
            ],
            [
              72.98067555521143,
              33.68759114451137
            ],
            [
              72.98145053322477,
              33.68776946052662
            ],
            [
              72.98126795679909,
              33.68829925224809
            ],
            [
              72.98211189686174,
              33.68846773011014
            ],
            [
              72.9819070612133,
              33.68885622366584
            ],
            [
              72.98105253786021,
              33.68949841581922
            ],
            [
              72.98155180890335,
              33.68964931486959
            ],
            [
              72.9816031671899,
              33.68984501640327
            ],
            [
              72.98245618334695,
              33.68989934035107
            ],
            [
              72.9815615846543,
              33.690733890367945
            ],
            [
              72.98299756590455,
              33.69026077629199
            ],
            [
              72.98298714164677,
              33.69081459087984
            ],
            [
              72.982397972851,
              33.69136316714549
            ],
            [
              72.9837405540914,
              33.69073595856048
            ],
            [
              72.98296586660278,
              33.691646271013184
            ],
            [
              72.98366556259201,
              33.6917123939815
            ],
            [
              72.98313022759964,
              33.69253891173594
            ],
            [
              72.98417363963148,
              33.69195964143972
            ],
            [
              72.98423275106992,
              33.69240736863328
            ],
            [
              72.9852390826407,
              33.69173890774975
            ],
            [
              72.98509267108182,
              33.69249833194287
            ],
            [
              72.98488676720788,
              33.69303513145082
            ],
            [
              73.00315580145103,
              33.70936983367666
            ],
            [
              73.02283366226418,
              33.7241264958141
            ],
            [
              73.04122991106323,
              33.73975729238539
            ],
            [
              73.0418563787564,
              33.73972264653506
            ],
            [
              73.04151300845056,
              33.74095972306476
            ],
            [
              73.04220670923024,
              33.74048043548115
            ],
            [
              73.04312045107507,
              33.73969966168796
            ],
            [
              73.04259866800398,
              33.741045116704434
            ],
            [
              73.04328099277988,
              33.74035176240997
            ],
            [
              73.04323179313809,
              33.741098922933844
            ],
            [
              73.04337316024575,
              33.74206495113056
            ],
            [
              73.0442228202417,
              33.74155618545862
            ],
            [
              73.0448808405705,
              33.74086210260814
            ],
            [
              73.04511550757879,
              33.74102320701386
            ],
            [
              73.04525465518928,
              33.741907183296476
            ],
            [
              73.04535843282561,
              33.74271977100687
            ],
            [
              73.04606056650466,
              33.741446589022274
            ],
            [
              73.04614571484422,
              33.742028820121874
            ],
            [
              73.0466132417223,
              33.74161553690069
            ],
            [
              73.04670556524049,
              33.74282205764814
            ],
            [
              73.0469491039865,
              33.74313765219825
            ],
            [
              73.0473322796516,
              33.74223191765006
            ],
            [
              73.04788507043179,
              33.74160617275569
            ],
            [
              73.04856771484981,
              33.742350611861724
            ],
            [
              73.05950491379971,
              33.741155971598204
            ]
          ]
        ]
      }
    },
    {
      "type": "Feature",
      "properties": {
        "city_name": "Bahawalpur",
        "station_count": 9,
        "area_km2": 165.25,
        "generated_by": "natural_jagged_polygons",
        "style": "jagged_boundaries"
      },
      "geometry": {
        "type": "Polygon",
        "coordinates": [
          [
            [
              71.62881688603373,
              29.366582645566883
            ],
            [
              71.63394561122583,
              29.38287418039058
            ],
            [
              71.64027647919521,
              29.398470209206085
            ],
            [
              71.64645374248693,
              29.414340146090623
            ],
            [
              71.65112132422213,
              29.43064675229876
            ],
            [
              71.65262291791522,
              29.430508033461532
            ],
            [
              71.65072067583823,
              29.431660799142048
            ],
            [
              71.65159432287301,
              29.431834184026815
            ],
            [
              71.65123836216537,
              29.432214154647998
            ],
            [
              71.65099402636623,
              29.432662339971344
            ],
            [
              71.65084090009302,
              29.433111674074794
            ],
            [
              71.65207045126596,
              29.43289426776261
            ],
            [
              71.65286420887898,
              29.43302312530535
            ],
            [
              71.65273961779017,
              29.43395322993214
            ],
            [
              71.65221676691387,
              29.434982256385034
            ],
            [
              71.6540137486691,
              29.43404426209839
            ],
            [
              71.65347042829544,
              29.434913642968716
            ],
            [
              71.65273037888248,
              29.436140472815563
            ],
            [
              71.65459624956364,
              29.43487036418466
            ],
            [
              71.653784164375,
              29.43609517659896
            ],
            [
              71.65457514548048,
              29.43598994721234
            ],
            [
              71.65566384334846,
              29.435459958566074
            ],
            [
              71.65532604031276,
              29.43666993515487
            ],
            [
              71.65640763306962,
              29.435831911406396
            ],
            [
              71.65556431627475,
              29.437839179822685
            ],
            [
              71.65665038944026,
              29.436634829948257
            ],
            [
              71.65628641280733,
              29.437346491807705
            ],
            [
              71.65605455153809,
              29.438805978984785
            ],
            [
              71.65674591513853,
              29.43808890541604
            ],
            [
              71.65677225392915,
              29.438792980576817
            ],
            [
              71.65743869426056,
              29.43800727942035
            ],
            [
              71.65818159331526,
              29.437629551027197
            ],
            [
              71.65789733643447,
              29.43900634399161
            ],
            [
              71.65860244263743,
              29.43813128751174
            ],
            [
              71.65866926983573,
              29.438574113656436
            ],
            [
              71.6592936690831,
              29.438194797797383
            ],
            [
              71.65947927397927,
              29.439408412993803
            ],
            [
              71.65988879402013,
              29.43898717198757
            ],
            [
              71.66077727161614,
              29.43806683964362
            ],
            [
              71.6612110008923,
              29.439330135776654
            ],
            [
              71.66191313091221,
              29.438618891908792
            ],
            [
              71.66252999208379,
              29.4395342543017
            ],
            [
              71.66280962301951,
              29.438979933190428
            ],
            [
              71.66312457399785,
              29.43990526806796
            ],
            [
              71.66339139726212,
              29.438465646338116
            ],
            [
              71.66395665796027,
              29.439683789934005
            ],
            [
              71.66397008560082,
              29.438365411858015
            ],
            [
              71.66436596304068,
              29.440062974734676
            ],
            [
              71.66461410060825,
              29.43813635921112
            ],
            [
              71.66519890043666,
              29.43958211281921
            ],
            [
              71.6655198285079,
              29.43804756531374
            ],
            [
              71.6662914013902,
              29.43926246640206
            ],
            [
              71.66691769756795,
              29.44033364595747
            ],
            [
              71.6667689325568,
              29.43827352943073
            ],
            [
              71.66766401419355,
              29.440298366934073
            ],
            [
              71.66758551274252,
              29.438980807712436
            ],
            [
              71.66840670703783,
              29.4393871141343
            ],
            [
              71.6689034647514,
              29.43862366075521
            ],
            [
              71.66952839626822,
              29.43934433491991
            ],
            [
              71.66905591192543,
              29.4372167495504
            ],
            [
              71.67006037726729,
              29.43807342318577
            ],
            [
              71.66999848391946,
              29.436814927124974
            ],
            [
              71.67104042018362,
              29.43733156956577
            ],
            [
              71.75465120174857,
              29.382262144274037
            ],
            [
              71.83788459951802,
              29.326326495099853
            ],
            [
              71.83734604522516,
              29.32516674821373
            ],
            [
              71.83885332029624,
              29.326463685514195
            ],
            [
              71.8381499055123,
              29.325324451817576
            ],
            [
              71.83891567917483,
              29.32555963469836
            ],
            [
              71.83952051334639,
              29.325475977303448
            ],
            [
              71.83978822339785,
              29.32464058391351
            ],
            [
              71.84042827330131,
              29.324659213981125
            ],
            [
              71.8407132986588,
              29.32423878206714
            ],
            [
              71.84040534079281,
              29.323515756238972
            ],
            [
              71.84033678252429,
              29.322893905432228
            ],
            [
              71.84153629969944,
              29.323260492474517
            ],
            [
              71.84131887827488,
              29.32258593305839
            ],
            [
              71.84282834199416,
              29.323171251672346
            ],
            [
              71.84193114414886,
              29.32216974660775
            ],
            [
              71.84283762438638,
              29.322290457214827
            ],
            [
              71.84202671587575,
              29.321514235171882
            ],
            [
              71.84311559762278,
              29.321660844604914
            ],
            [
              71.84253390202058,
              29.321147771716063
            ],
            [
              71.8435749271089,
              29.32112200115441
            ],
            [
              71.8426588853741,
              29.320406269917132
            ],
            [
              71.84232091625212,
              29.31996454551534
            ],
            [
              71.84318323761828,
              29.319804563637074
            ],
            [
              71.84367244357044,
              29.319659795345093
            ],
            [
              71.84313891943957,
              29.319222939833075
            ],
            [
              71.84171250259872,
              29.31842409560625
            ],
            [
              71.8426769418183,
              29.318355609350164
            ],
            [
              71.84259272424738,
              29.318006313940064
            ],
            [
              71.84316489783284,
              29.317767040709494
            ],
            [
              71.84398438642214,
              29.31760362185841
            ],
            [
              71.84286683926172,
              29.317190258255994
            ],
            [
              71.84253421821028,
              29.316730642942034
            ],
            [
              71.84370914659571,
              29.316732919425657
            ],
            [
              71.84223489689198,
              29.31615042327908
            ],
            [
              71.84398937750518,
              29.31606630744874
            ],
            [
              71.84426184712815,
              29.31572092154506
            ],
            [
              71.84351169270462,
              29.315251764534324
            ],
            [
              71.84307128652617,
              29.314749121384324
            ],
            [
              71.84363026883835,
              29.31407648703489
            ],
            [
              71.84431578038712,
              29.313584070247607
            ],
            [
              71.84377343551965,
              29.313415213250202
            ],
            [
              71.84466079512234,
              29.312864999540896
            ],
            [
              71.84353063413694,
              29.312844828590055
            ],
            [
              71.8442066122709,
              29.312188143172154
            ],
            [
              71.84283837192393,
              29.31214443314648
            ],
            [
              71.84428508157588,
              29.311619964750655
            ],
            [
              71.84330481548606,
              29.311632021442662
            ],
            [
              71.84255428465994,
              29.31133179210488
            ],
            [
              71.84241503600576,
              29.311007520276657
            ],
            [
              71.84365044261465,
              29.31031177091238
            ],
            [
              71.84280904643613,
              29.31034724502323
            ],
            [
              71.842979557336,
              29.30946842427992
            ],
            [
              71.8422526761778,
              29.309145770880242
            ],
            [
              71.8412360931235,
              29.309129137727883
            ],
            [
              71.84261288902016,
              29.307989855374036
            ],
            [
              71.84175620789065,
              29.30811950830471
            ],
            [
              71.84098091438156,
              29.30804351316974
            ],
            [
              71.84054229507026,
              29.307594663305157
            ],
            [
              71.84095484351108,
              29.307019415337464
            ],
            [
              71.8410141057115,
              29.306253558624118
            ],
            [
              71.84078661225779,
              29.305711980576955
            ],
            [
              71.83995035777828,
              29.30592175181472
            ],
            [
              71.83875584164734,
              29.3064145550757
            ],
            [
              71.8392809465426,
              29.305206926488125
            ],
            [
              71.8378634027745,
              29.305871821154444
            ],
            [
              71.8381626744139,
              29.304904743558406
            ],
            [
              71.83794713533415,
              29.304177598852274
            ],
            [
              71.83804624032533,
              29.30339353050946
            ],
            [
              71.83716923331775,
              29.304218815008124
            ],
            [
              71.83687819228949,
              29.30348514686627
            ],
            [
              71.83717730829768,
              29.302353439813082
            ],
            [
              71.83620460927472,
              29.303689216325395
            ],
            [
              71.8357285229229,
              29.3038955329306
            ],
            [
              71.83580478732189,
              29.302940520087567
            ],
            [
              71.83497918812269,
              29.303602337750526
            ],
            [
              71.83460233687042,
              29.302454585830066
            ],
            [
              71.83441936346473,
              29.301316500196787
            ],
            [
              71.83340005083052,
              29.302114479923116
            ],
            [
              71.83331192668592,
              29.301072121416123
            ],
            [
              71.83279923328985,
              29.301703339933972
            ],
            [
              71.83241796855779,
              29.30273625774539
            ],
            [
              71.83236276679479,
              29.302030921494925
            ],
            [
              71.83139444934375,
              29.302933696632167
            ],
            [
              71.83086461139199,
              29.301759819345413
            ],
            [
              71.83028153370127,
              29.300825958515976
            ],
            [
              71.82972039240121,
              29.30186430207776
            ],
            [
              71.8292331204084,
              29.302631698242976
            ],
            [
              71.82876186970351,
              29.301165609733303
            ],
            [
              71.8282509038016,
              29.301860498983423
            ],
            [
              71.82818981221585,
              29.30275674040282
            ],
            [
              71.82765570164753,
              29.301333294447193
            ],
            [
              71.82727362906559,
              29.301089606230917
            ],
            [
              71.82721798750106,
              29.3022721616738
            ],
            [
              71.73247143106204,
              29.324897167419014
            ],
            [
              71.63831844469615,
              29.349387481710377
            ],
            [
              71.63786443627953,
              29.350410436226042
            ],
            [
              71.63715538623572,
              29.34982106681473
            ],
            [
              71.63612673469028,
              29.349393456894393
            ],
            [
              71.63606494868753,
              29.350395067019676
            ],
            [
              71.63597441531233,
              29.351213717397794
            ],
            [
              71.6356866780375,
              29.35114191184985
            ],
            [
              71.63454983122644,
              29.34991999915981
            ],
            [
              71.63483640425954,
              29.350949259265533
            ],
            [
              71.63409746032605,
              29.35039924704374
            ],
            [
              71.63465031920647,
              29.351808284086914
            ],
            [
              71.63359806811182,
              29.350897113897723
            ],
            [
              71.63357188567193,
              29.351541692087633
            ],
            [
              71.63235822090702,
              29.350740431238396
            ],
            [
              71.63322242080403,
              29.352487227350725
            ],
            [
              71.6327449620787,
              29.352489816575336
            ],
            [
              71.63333209678144,
              29.353670955007225
            ],
            [
              71.63234923226004,
              29.353374244026035
            ],
            [
              71.63163882105952,
              29.353277347312403
            ],
            [
              71.63220023249724,
              29.3545167731581
            ],
            [
              71.63076610693408,
              29.35424828720571
            ],
            [
              71.6299189255847,
              29.354577855425113
            ],
            [
              71.63007232795464,
              29.355349453679267
            ],
            [
              71.63075488686425,
              29.356516660861818
            ],
            [
              71.6293426983969,
              29.35641541110551
            ],
            [
              71.63031003517405,
              29.357529574969572
            ],
            [
              71.62910912003849,
              29.3578035012573
            ],
            [
              71.62943700265464,
              29.35820053180775
            ],
            [
              71.62922417075112,
              29.358800603735105
            ],
            [
              71.62851062314107,
              29.35889629449853
            ],
            [
              71.62799434564167,
              29.359181496388207
            ],
            [
              71.62782607048817,
              29.359677421241212
            ],
            [
              71.62825157895406,
              29.36017247877089
            ],
            [
              71.62768132318568,
              29.360554884069515
            ],
            [
              71.62879085740852,
              29.360899756499634
            ],
            [
              71.62956771425371,
              29.361288311953988
            ],
            [
              71.62813853910517,
              29.361482783799325
            ],
            [
              71.62944818362419,
              29.361809168164804
            ],
            [
              71.62894736487772,
              29.362179978867516
            ],
            [
              71.62949164569865,
              29.362444723509782
            ],
            [
              71.62802655828374,
              29.3627125387017
            ],
            [
              71.62765157644283,
              29.3633138509848
            ],
            [
              71.62735145250369,
              29.363868228602335
            ],
            [
              71.62843331854276,
              29.364211684578006
            ],
            [
              71.62914152026049,
              29.364494937763386
            ],
            [
              71.62775646446963,
              29.36518354031091
            ],
            [
              71.62875746241893,
              29.36554772592505
            ],
            [
              71.62814746877764,
              29.36610793287689
            ],
            [
              71.62852912627338,
              29.366458327632056
            ],
            [
              71.62881688603373,
              29.366582645566883
            ]
          ]
        ]
      }
    },
    {
      "type": "Feature",
      "properties": {
        "city_name": "Haripur",
        "station_count": 9,
        "area_km2": 8.19,
        "generated_by": "natural_jagged_polygons",
        "style": "jagged_boundaries"
      },
      "geometry": {
        "type": "Polygon",
        "coordinates": [
          [
            [
              72.8581571906466,
              33.8569265749532
            ],
            [
              72.85767494892565,
              33.85728633747678
            ],
            [
              72.85766052734373,
              33.857258689897996
            ],
            [
              72.85740055681981,
              33.857471933430546
            ],
            [
              72.85833479263808,
              33.85738089634724
            ],
            [
              72.85916994562072,
              33.857249528057
            ],
            [
              72.85928944146177,
              33.85724817225617
            ],
            [
              72.85721425551696,
              33.858067444037935
            ],
            [
              72.85830945010652,
              33.85765888117052
            ],
            [
              72.85961307235,
              33.85729903374883
            ],
            [
              72.85788269823747,
              33.858088514333495
            ],
            [
              72.85738981873314,
              33.85853745938593
            ],
            [
              72.85865013665791,
              33.85815482406618
            ],
            [
              72.85751266072756,
              33.85880642046906
            ],
            [
              72.85806469517894,
              33.85857341971245
            ],
            [
              72.85958725369343,
              33.857906541476574
            ],
            [
              72.85883920289862,
              33.85850389671728
            ],
            [
              72.85835193657876,
              33.85886186166897
            ],
            [
              72.85856360483265,
              33.858909524913294
            ],
            [
              72.85881596039314,
              33.8586615348762
            ],
            [
              72.8599178069289,
              33.85826007842843
            ],
            [
              72.85904190673969,
              33.85894911592507
            ],
            [
              72.85992618981193,
              33.858646887846746
            ],
            [
              72.85957288441688,
              33.85906580095173
            ],
            [
              72.85966269046234,
              33.859467350354905
            ],
            [
              72.85912243969487,
              33.86007294142943
            ],
            [
              72.85969452721527,
              33.85952678505609
            ],
            [
              72.85945413658604,
              33.86040397163841
            ],
            [
              72.85951785703075,
              33.86038601864798
            ],
            [
              72.85965359817764,
              33.860472261519476
            ],
            [
              72.85994205793068,
              33.85969031174755
            ],
            [
              72.85970290427522,
              33.860854546239885
            ],
            [
              72.86005211276209,
              33.86035533515604
            ],
            [
              72.86067922369013,
              33.85949903437949
            ],
            [
              72.86058799062599,
              33.86008591967124
            ],
            [
              72.86100785685362,
              33.85905876362849
            ],
            [
              72.86050998085084,
              33.86041408480283
            ],
            [
              72.86097199738626,
              33.86025192258029
            ],
            [
              72.86075015511405,
              33.86135995983591
            ],
            [
              72.86119080665584,
              33.86025701812301
            ],
            [
              72.86111653481429,
              33.86139930475825
            ],
            [
              72.86127617070511,
              33.86124988121345
            ],
            [
              72.86171263669027,
              33.86043038176896
            ],
            [
              72.86166009753651,
              33.86123245446066
            ],
            [
              72.86200246850517,
              33.86039934420368
            ],
            [
              72.86209434758553,
              33.861153434855694
            ],
            [
              72.86233817177558,
              33.859801767441496
            ],
            [
              72.86255899342434,
              33.86051523689514
            ],
            [
              72.86238887717519,
              33.85967818033103
            ],
            [
              72.86257710521438,
              33.859489435920096
            ],
            [
              72.86279358504389,
              33.860368650873916
            ],
            [
              72.8628924798941,
              33.86081430527892
            ],
            [
              72.86279197883297,
              33.8598887927978
            ],
            [
              72.8628501785303,
              33.85965964170065
            ],
            [
              72.86303904559928,
              33.860195533925214
            ],
            [
              72.88176810773666,
              33.85423821134162
            ],
            [
              72.90085524847815,
              33.850417157484024
            ],
            [
              72.91964734006477,
              33.84615147262601
            ],
            [
              72.91995679936711,
              33.84663109991734
            ],
            [
              72.91971739495128,
              33.84548948322999
            ],
            [
              72.91995363918416,
              33.845989583478264
            ],
            [
              72.9208176004042,
              33.847414826415466
            ],
            [
              72.92043060599552,
              33.846378690167576
            ],
            [
              72.92015865903467,
              33.845510770768875
            ],
            [
              72.92065546583365,
              33.84607727965979
            ],
            [
              72.92050748222135,
              33.84546059723551
            ],
            [
              72.92113071653569,
              33.84645417385827
            ],
            [
              72.92070187133223,
              33.8456827854046
            ],
            [
              72.92173914936602,
              33.8468001720469
            ],
            [
              72.92139036196251,
              33.84627709891203
            ],
            [
              72.92119962764629,
              33.84558495480489
            ],
            [
              72.9217112469635,
              33.84602137048225
            ],
            [
              72.92160524676817,
              33.84564086126003
            ],
            [
              72.92180656929156,
              33.84589067375573
            ],
            [
              72.92157998530845,
              33.845389962720546
            ],
            [
              72.92260251862939,
              33.846120456948206
            ],
            [
              72.92168271719666,
              33.84499009400127
            ],
            [
              72.92116179343152,
              33.84437518763159
            ],
            [
              72.92115321717638,
              33.84415936371412
            ],
            [
              72.92188203771921,
              33.84465184410191
            ],
            [
              72.92131422026785,
              33.84423956658868
            ],
            [
              72.9225546579627,
              33.844810641519146
            ],
            [
              72.9222800279546,
              33.84445127288817
            ],
            [
              72.92118872711019,
              33.84375198041243
            ],
            [
              72.92202026817306,
              33.84387524344482
            ],
            [
              72.92257641508318,
              33.84418280589004
            ],
            [
              72.92331651486762,
              33.84435601204765
            ],
            [
              72.92312566786808,
              33.84411770428555
            ],
            [
              72.92181380286772,
              33.8436219364492
            ],
            [
              72.92244857910765,
              33.84362519452853
            ],
            [
              72.92383661042136,
              33.84382177982492
            ],
            [
              72.9227770919003,
              33.8433993492706
            ],
            [
              72.92307909858717,
              33.84327962179547
            ],
            [
              72.92366394065638,
              33.84332248735839
            ],
            [
              72.92283472930518,
              33.843000604647564
            ],
            [
              72.92175473825314,
              33.842836202676274
            ],
            [
              72.92215988747331,
              33.842785704295714
            ],
            [
              72.9219896877111,
              33.842633161345496
            ],
            [
              72.92287428169274,
              33.84261014433417
            ],
            [
              72.9219872943121,
              33.842506488004375
            ],
            [
              72.92188512290106,
              33.842328136555686
            ],
            [
              72.92224537834821,
              33.84222794314812
            ],
            [
              72.92181642039192,
              33.842220336529564
            ],
            [
              72.92365317699411,
              33.84187046947222
            ],
            [
              72.92276395441733,
              33.8417753266698
            ],
            [
              72.9232679360186,
              33.84153703062274
            ],
            [
              72.92321707227704,
              33.841452095308384
            ],
            [
              72.92123313031743,
              33.84176311414255
            ],
            [
              72.92241054849623,
              33.841320382994525
            ],
            [
              72.92201608907659,
              33.84131502788395
            ],
            [
              72.92268616139818,
              33.84109205779634
            ],
            [
              72.9216401690276,
              33.84122806479749
            ],
            [
              72.92290894472445,
              33.84070227668397
            ],
            [
              72.92240179123556,
              33.84063465726245
            ],
            [
              72.92287556620042,
              33.84038827818682
            ],
            [
              72.92311023528661,
              33.8400465158827
            ],
            [
              72.92125034621067,
              33.84092477880662
            ],
            [
              72.92205695875786,
              33.84017575182707
            ],
            [
              72.9226993109154,
              33.839859872877945
            ],
            [
              72.92194434874796,
              33.83992231655821
            ],
            [
              72.92243312035755,
              33.8389673287534
            ],
            [
              72.92199091145751,
              33.83869691746112
            ],
            [
              72.92227733469048,
              33.83799551052268
            ],
            [
              72.92090672099062,
              33.83844594734749
            ],
            [
              72.92146501098587,
              33.83774679476783
            ],
            [
              72.92024301560703,
              33.83867265577588
            ],
            [
              72.92148969768314,
              33.83760255069996
            ],
            [
              72.92075838144494,
              33.83820642424464
            ],
            [
              72.91959190809006,
              33.83904547302384
            ],
            [
              72.91977144664129,
              33.838652637566746
            ],
            [
              72.92022426464987,
              33.83774780073607
            ],
            [
              72.9210859777478,
              33.83655334825583
            ],
            [
              72.91964022142999,
              33.83823988426717
            ],
            [
              72.91989987816967,
              33.837487838196
            ],
            [
              72.9190277419233,
              33.83880353851558
            ],
            [
              72.92006307320982,
              33.83695158203001
            ],
            [
              72.91972890181363,
              33.83738746418012
            ],
            [
              72.9175602862065,
              33.837276751263396
            ],
            [
              72.91652563028275,
              33.83555256006239
            ],
            [
              72.9160635307973,
              33.83605932190629
            ],
            [
              72.9158559442484,
              33.83593341644979
            ],
            [
              72.91613726959068,
              33.835342323005385
            ],
            [
              72.91636534995196,
              33.834451827145614
            ],
            [
              72.91590782885669,
              33.835544214450096
            ],
            [
              72.91556852378788,
              33.835910630795375
            ],
            [
              72.91593605631603,
              33.83530444147691
            ],
            [
              72.91531956403634,
              33.836213508072106
            ],
            [
              72.91575513367391,
              33.83474787364593
            ],
            [
              72.91523086923682,
              33.83613541654026
            ],
            [
              72.91546472822255,
              33.83511794506888
            ],
            [
              72.91502731060768,
              33.83619828306335
            ],
            [
              72.91488355096597,
              33.83489378437558
            ],
            [
              72.91465275378276,
              33.8362044649893
            ],
            [
              72.9145062453269,
              33.83484999069675
            ],
            [
              72.91447969413382,
              33.83579588655383
            ],
            [
              72.91439023844944,
              33.8352238577863
            ],
            [
              72.9142643108022,
              33.83493671610155
            ],
            [
              72.91433660668527,
              33.83629703448192
            ],
            [
              72.91407296180813,
              33.83446380366044
            ],
            [
              72.91397222981513,
              33.83449138842983
            ],
            [
              72.91383633821071,
              33.83492676859613
            ],
            [
              72.91384108296933,
              33.835806372513396
            ],
            [
              72.91367277619148,
              33.83513296766849
            ],
            [
              72.91378405865126,
              33.836461401629926
            ],
            [
              72.91325806366793,
              33.83438284925544
            ],
            [
              72.91325677370017,
              33.83469205481215
            ],
            [
              72.9131667703899,
              33.83512775320407
            ],
            [
              72.8866486880098,
              33.84249092423711
            ],
            [
              72.86068502866698,
              33.852073045249746
            ],
            [
              72.86097387920074,
              33.85321887333809
            ],
            [
              72.8606664954085,
              33.85246445450676
            ],
            [
              72.86009084124532,
              33.85175847968124
            ],
            [
              72.85988143385136,
              33.851805770219656
            ],
            [
              72.8600850290659,
              33.852487143264945
            ],
            [
              72.85980146372351,
              33.8521485439341
            ],
            [
              72.86041577632399,
              33.85323391650294
            ],
            [
              72.860525730561,
              33.853651255796834
            ],
            [
              72.85962339461295,
              33.85261474786207
            ],
            [
              72.86037323823473,
              33.85356171819344
            ],
            [
              72.86004203641598,
              33.853229620540695
            ],
            [
              72.85898584683186,
              33.852088766622025
            ],
            [
              72.85954152593203,
              33.85302471243923
            ],
            [
              72.85850453239887,
              33.852063587541885
            ],
            [
              72.85877996904495,
              33.852511554168174
            ],
            [
              72.85978311840283,
              33.85374056021556
            ],
            [
              72.8593002898288,
              33.85333496886787
            ],
            [
              72.8597420442522,
              33.85385909547186
            ],
            [
              72.85958137896819,
              33.853937084218295
            ],
            [
              72.8590901860448,
              33.85367407352914
            ],
            [
              72.8577635462413,
              33.852891045272656
            ],
            [
              72.85849621901765,
              33.85350488283295
            ],
            [
              72.85822228256531,
              33.85353055582823
            ],
            [
              72.85871870338475,
              33.85390240455962
            ],
            [
              72.85968383547251,
              33.854549035344014
            ],
            [
              72.85795970243586,
              33.853656706754315
            ],
            [
              72.85777888423641,
              33.85381016944432
            ],
            [
              72.85850013294157,
              33.85423507977164
            ],
            [
              72.85718200040895,
              33.85399765590366
            ],
            [
              72.85845995509955,
              33.85468507643766
            ],
            [
              72.858954005515,
              33.85479762279956
            ],
            [
              72.85872326698889,
              33.85502005174496
            ],
            [
              72.85726140334297,
              33.85463684363937
            ],
            [
              72.85815798452623,
              33.85493948139715
            ],
            [
              72.85967511084904,
              33.8554889424134
            ],
            [
              72.85886647691912,
              33.85540550533071
            ],
            [
              72.85748087130905,
              33.85508886458584
            ],
            [
              72.85806620862938,
              33.85532402583285
            ],
            [
              72.85706211007418,
              33.855365611290374
            ],
            [
              72.85750522082836,
              33.85564858373882
            ],
            [
              72.85798167945678,
              33.85569215622223
            ],
            [
              72.85697633319191,
              33.855965557874974
            ],
            [
              72.85717104954774,
              33.85602609262943
            ],
            [
              72.8575963522454,
              33.85600417314185
            ],
            [
              72.85795799128735,
              33.85607711357173
            ],
            [
              72.85740465880981,
              33.856469209433804
            ],
            [
              72.85742112677353,
              33.8565274662422
            ],
            [
              72.85820037337172,
              33.85661854110482
            ],
            [
              72.85871630992452,
              33.85654688953668
            ],
            [
              72.85868399524857,
              33.8567236290609
            ],
            [
              72.8581571906466,
              33.8569265749532
            ]
          ]
        ]
      }
    },
    {
      "type": "Feature",
      "properties": {
        "city_name": "Sialkot",
        "station_count": 7,
        "area_km2": 79.91,
        "generated_by": "natural_jagged_polygons",
        "style": "jagged_boundaries"
      },
      "geometry": {
        "type": "Polygon",
        "coordinates": [
          [
            [
              74.57782540211676,
              32.540051810945464
            ],
            [
              74.57174478488542,
              32.53029140009003
            ],
            [
              74.56785710959481,
              32.51909668330018
            ],
            [
              74.56237209138135,
              32.508885543039305
            ],
            [
              74.55571335904378,
              32.499011380794386
            ],
            [
              74.5547778820915,
              32.499500188340186
            ],
            [
              74.55630800745801,
              32.49809297575116
            ],
            [
              74.55657900090547,
              32.49767853686483
            ],
            [
              74.55527489593025,
              32.49818649752708
            ],
            [
              74.55459220127656,
              32.4984143331801
            ],
            [
              74.55538473208537,
              32.49747390554309
            ],
            [
              74.55565611655672,
              32.49690803768343
            ],
            [
              74.55446620080758,
              32.49723696140128
            ],
            [
              74.53835682725772,
              32.47701777366562
            ],
            [
              74.52037936977415,
              32.458002679677875
            ],
            [
              74.52082521564357,
              32.45706707563223
            ],
            [
              74.51980107980908,
              32.45737200431048
            ],
            [
              74.52017040056988,
              32.456410203584625
            ],
            [
              74.51870162177798,
              32.45764193996257
            ],
            [
              74.5191946197449,
              32.4568361502266
            ],
            [
              74.51945270619494,
              32.455738012786114
            ],
            [
              74.5189059770539,
              32.45615286253639
            ],
            [
              74.51907806105766,
              32.45560324136309
            ],
            [
              74.51848611190427,
              32.45634449776265
            ],
            [
              74.51762563320543,
              32.456461826825475
            ],
            [
              74.51737001068521,
              32.45568312268629
            ],
            [
              74.51740450396906,
              32.45511324951287
            ],
            [
              74.51675813679024,
              32.4562047202608
            ],
            [
              74.51721831544289,
              32.454670729104585
            ],
            [
              74.51675894191725,
              32.45548968416172
            ],
            [
              74.51659842997672,
              32.45395329408166
            ],
            [
              74.51549313973823,
              32.45495004215568
            ],
            [
              74.51549564815802,
              32.45425522812002
            ],
            [
              74.51512783456842,
              32.454695015528344
            ],
            [
              74.51459754108348,
              32.454778246233886
            ],
            [
              74.51428925758918,
              32.45623262755924
            ],
            [
              74.51426020017162,
              32.45548767710754
            ],
            [
              74.5141994747774,
              32.45410888649662
            ],
            [
              74.51364792754832,
              32.45467286835844
            ],
            [
              74.51331250249311,
              32.45392578775584
            ],
            [
              74.51275444774991,
              32.45470551254453
            ],
            [
              74.51250394757587,
              32.45565358409156
            ],
            [
              74.51193319976389,
              32.454880976646876
            ],
            [
              74.51136277774002,
              32.453596616558876
            ],
            [
              74.51140912630771,
              32.45557210913009
            ],
            [
              74.51086941082386,
              32.45497154177582
            ],
            [
              74.51034481238754,
              32.454148597702925
            ],
            [
              74.51026408073318,
              32.454341394067825
            ],
            [
              74.50999212087928,
              32.454637703555214
            ],
            [
              74.51003088892345,
              32.45529646096486
            ],
            [
              74.50931268753827,
              32.4544845803927
            ],
            [
              74.50908932718696,
              32.45500192492332
            ],
            [
              74.50921722691886,
              32.45570648279544
            ],
            [
              74.50864050650678,
              32.45530756782271
            ],
            [
              74.50839455645439,
              32.455748328021244
            ],
            [
              74.50815120238006,
              32.4559979194581
            ],
            [
              74.50772420590113,
              32.45563386233781
            ],
            [
              74.50756540862463,
              32.45600025950137
            ],
            [
              74.50707232936327,
              32.4557146033524
            ],
            [
              74.5073137164656,
              32.45649719867582
            ],
            [
              74.50776981313756,
              32.45775601177862
            ],
            [
              74.50674566040304,
              32.45722227056577
            ],
            [
              74.50608497190389,
              32.45716727989991
            ],
            [
              74.50669615126955,
              32.458176343695996
            ],
            [
              74.5059794416933,
              32.45783478093552
            ],
            [
              74.50656126208652,
              32.45858150738144
            ],
            [
              74.50515664630689,
              32.45775790189007
            ],
            [
              74.50613819001443,
              32.45876668744491
            ],
            [
              74.50528786536563,
              32.45851439671071
            ],
            [
              74.50415709932405,
              32.45796822866844
            ],
            [
              74.5056380361214,
              32.459402564451864
            ],
            [
              74.50381129589486,
              32.4584994884442
            ],
            [
              74.50482251875145,
              32.459355786354315
            ],
            [
              74.50612258082899,
              32.46035159677573
            ],
            [
              74.504158425089,
              32.4597280340067
            ],
            [
              74.50440595072011,
              32.460223257845705
            ],
            [
              74.49791928284122,
              32.47569912171852
            ],
            [
              74.4903811860222,
              32.49043202255718
            ],
            [
              74.49075747841991,
              32.491195262862526
            ],
            [
              74.48994799229342,
              32.4914723999148
            ],
            [
              74.4842582863249,
              32.50586531322061
            ],
            [
              74.48061262680271,
              32.52091033014394
            ],
            [
              74.47502684787571,
              32.53543866265459
            ],
            [
              74.473856407226,
              32.53543154240407
            ],
            [
              74.4744609896126,
              32.53574061175758
            ],
            [
              74.47615554916514,
              32.536419393382126
            ],
            [
              74.47462425866054,
              32.536223048072394
            ],
            [
              74.47554386501868,
              32.536717532965355
            ],
            [
              74.47551844176544,
              32.536931441375415
            ],
            [
              74.4755553088828,
              32.53714243046121
            ],
            [
              74.47451780896002,
              32.53717439478235
            ],
            [
              74.47515657068303,
              32.53759718985994
            ],
            [
              74.47373962234991,
              32.537819153599585
            ],
            [
              74.47457383159299,
              32.53818970754169
            ],
            [
              74.47331259969987,
              32.538712354111524
            ],
            [
              74.47452758956945,
              32.539074699604555
            ],
            [
              74.47577933343118,
              32.539180614086426
            ],
            [
              74.47428159151808,
              32.53976987864758
            ],
            [
              74.47480738736098,
              32.54012075305832
            ],
            [
              74.47551575046381,
              32.540096095998926
            ],
            [
              74.47514576935015,
              32.540541758090775
            ],
            [
              74.47494461062125,
              32.540992024113685
            ],
            [
              74.47400372565951,
              32.54153617101896
            ],
            [
              74.47442455464493,
              32.54173330047404
            ],
            [
              74.47526412556805,
              32.54190879448462
            ],
            [
              74.47425665220736,
              32.54236605728461
            ],
            [
              74.4749287859454,
              32.54229258928746
            ],
            [
              74.47669292158989,
              32.54183608484607
            ],
            [
              74.47530302134784,
              32.54254065652282
            ],
            [
              74.47434957160145,
              32.54383420186732
            ],
            [
              74.47570649210027,
              32.543333689207
            ],
            [
              74.47538833866516,
              32.54412252178605
            ],
            [
              74.47574267507639,
              32.54424833999887
            ],
            [
              74.47653770243615,
              32.54432741504854
            ],
            [
              74.47693395166046,
              32.54409468901009
            ],
            [
              74.47736646640396,
              32.54407051137083
            ],
            [
              74.47788303418537,
              32.5440000891734
            ],
            [
              74.47687428929372,
              32.54487239451951
            ],
            [
              74.47814082266609,
              32.54427113185382
            ],
            [
              74.4776454138651,
              32.54500862516054
            ],
            [
              74.476599131409,
              32.546320550503495
            ],
            [
              74.47773666850983,
              32.54568007544209
            ],
            [
              74.47861992307344,
              32.545156822489034
            ],
            [
              74.47824115246131,
              32.54613000146875
            ],
            [
              74.47886647651629,
              32.545804624475586
            ],
            [
              74.47829670061668,
              32.547054427663404
            ],
            [
              74.47842225415064,
              32.54720229416893
            ],
            [
              74.47912210522702,
              32.546735337928
            ],
            [
              74.47908775048396,
              32.54760246477688
            ],
            [
              74.47998718555117,
              32.54722155007392
            ],
            [
              74.47988665357725,
              32.54782058748234
            ],
            [
              74.48017760959559,
              32.54809170688177
            ],
            [
              74.48060422991291,
              32.54742722027786
            ],
            [
              74.48097045766215,
              32.548113288616186
            ],
            [
              74.48158190686752,
              32.54732993927304
            ],
            [
              74.48159340594013,
              32.547788545337596
            ],
            [
              74.4823528595763,
              32.54652052660855
            ],
            [
              74.48237811374112,
              32.54702895904043
            ],
            [
              74.48248436126593,
              32.54797932156551
            ],
            [
              74.48309527682399,
              32.546608997711445
            ],
            [
              74.48319272426296,
              32.547360732105766
            ],
            [
              74.48354665844828,
              32.54819222126581
            ],
            [
              74.51192047579521,
              32.551147127362086
            ],
            [
              74.54034208210821,
              32.55142480258969
            ],
            [
              74.56867352633556,
              32.554279364954716
            ],
            [
              74.5691869849273,
              32.55580337767189
            ],
            [
              74.56979815945176,
              32.55443376914265
            ],
            [
              74.57004643782498,
              32.555347038369504
            ],
            [
              74.57021054339745,
              32.55380065211901
            ],
            [
              74.57042093677055,
              32.55360556074357
            ],
            [
              74.57060156930487,
              32.55427378564411
            ],
            [
              74.57117522229177,
              32.5551767078481
            ],
            [
              74.57097082433688,
              32.55329769844961
            ],
            [
              74.57140907197814,
              32.55483367933706
            ],
            [
              74.57153806099014,
              32.55412425058418
            ],
            [
              74.5722692637296,
              32.55503875540277
            ],
            [
              74.57240523398495,
              32.55385108731409
            ],
            [
              74.57339467282054,
              32.55502097343819
            ],
            [
              74.5734487963457,
              32.55452699644461
            ],
            [
              74.57355808144605,
              32.553711104104615
            ],
            [
              74.57324667585353,
              32.55211123121929
            ],
            [
              74.57427505248803,
              32.55320815922683
            ],
            [
              74.57390552396454,
              32.55214380283384
            ],
            [
              74.57502133555982,
              32.553407235011534
            ],
            [
              74.57441121418974,
              32.55226444641269
            ],
            [
              74.57498923178164,
              32.55265490219869
            ],
            [
              74.5746168297036,
              32.55169506211983
            ],
            [
              74.57588817597086,
              32.552686127615615
            ],
            [
              74.57584362028551,
              32.55216138066493
            ],
            [
              74.57636802787023,
              32.55240989603574
            ],
            [
              74.57550828706367,
              32.55128796727408
            ],
            [
              74.5772490748811,
              32.55267620769181
            ],
            [
              74.57664736998538,
              32.55160431076844
            ],
            [
              74.57557236777603,
              32.55042096246973
            ],
            [
              74.57723439701165,
              32.551473571684
            ],
            [
              74.57733853319291,
              32.551353459104654
            ],
            [
              74.57703799664134,
              32.550740528701056
            ],
            [
              74.57840509261823,
              32.55121098032543
            ],
            [
              74.57774973771826,
              32.55009474137583
            ],
            [
              74.57839106425234,
              32.55007035222026
            ],
            [
              74.57834413270788,
              32.54968593504425
            ],
            [
              74.57829771981466,
              32.54933834218485
            ],
            [
              74.57882970954036,
              32.54904816054855
            ],
            [
              74.57847230695887,
              32.54833535275895
            ],
            [
              74.57731736668174,
              32.547693533528985
            ],
            [
              74.57781961246802,
              32.54762432867457
            ],
            [
              74.5801077253705,
              32.54819223261202
            ],
            [
              74.57895654400018,
              32.54757453165234
            ],
            [
              74.57971413830937,
              32.54741439680852
            ],
            [
              74.57811199952377,
              32.54662601773049
            ],
            [
              74.5788963564064,
              32.54646841383086
            ],
            [
              74.57843468495182,
              32.54591068915944
            ],
            [
              74.57915036783234,
              32.54562808486659
            ],
            [
              74.57993301213152,
              32.54539742714442
            ],
            [
              74.57867822210783,
              32.54508035976294
            ],
            [
              74.58002706592802,
              32.544965682938155
            ],
            [
              74.57899886353947,
              32.54455936042199
            ],
            [
              74.57775042874783,
              32.54462311086778
            ],
            [
              74.57995494005854,
              32.54411453110263
            ],
            [
              74.57984062817786,
              32.543936167781865
            ],
            [
              74.57922602800015,
              32.54382026175291
            ],
            [
              74.58024601477827,
              32.54324820547785
            ],
            [
              74.57821121299163,
              32.543347544387636
            ],
            [
              74.57818350715316,
              32.54319697174498
            ],
            [
              74.57915962411742,
              32.542948705290264
            ],
            [
              74.57978094360502,
              32.54216409359288
            ],
            [
              74.5786704765164,
              32.54186206083042
            ],
            [
              74.57795401252767,
              32.54196049540612
            ],
            [
              74.57909486102442,
              32.54108585848175
            ],
            [
              74.57848037395232,
              32.5410726096226
            ],
            [
              74.57753905548975,
              32.541070285778396
            ],
            [
              74.57722969650716,
              32.54095671436215
            ],
            [
              74.57782540211676,
              32.540051810945464
            ]
          ]
        ]
      }
    },
    {
      "type": "Feature",
      "properties": {
        "city_name": "Kot Malik Barkhurdar",
        "station_count": 6,
        "area_km2": 79.02,
        "generated_by": "natural_jagged_polygons",
        "style": "jagged_boundaries"
      },
      "geometry": {
        "type": "Polygon",
        "coordinates": [
          [
            [
              67.02732894084129,
              30.235573649710474
            ],
            [
              67.01857895819522,
              30.220333934333237
            ],
            [
              67.01074082137843,
              30.204308566086482
            ],
            [
              67.01002414137108,
              30.20428843269458
            ],
            [
              67.010544101633,
              30.203696651084663
            ],
            [
              67.00961242518527,
              30.203864418680986
            ],
            [
              67.00947582161061,
              30.203405649767703
            ],
            [
              67.0096376983566,
              30.202694757447144
            ],
            [
              67.01014540413098,
              30.202140668948584
            ],
            [
              67.00887578963771,
              30.20279629373575
            ],
            [
              67.00932234795937,
              30.202217000903154
            ],
            [
              67.0098473929896,
              30.200981402973166
            ],
            [
              67.00940593148887,
              30.201224843282265
            ],
            [
              67.00968533840589,
              30.200485297587118
            ],
            [
              67.00842722666647,
              30.20144632324858
            ],
            [
              67.00759233022329,
              30.201806861097396
            ],
            [
              67.00756970207416,
              30.20081629375719
            ],
            [
              67.00509103712061,
              30.198236850122527
            ],
            [
              67.00206100879484,
              30.19626557612494
            ],
            [
              66.99864695060818,
              30.194887567730998
            ],
            [
              66.998068880435,
              30.195509350839675
            ],
            [
              66.99822425338049,
              30.19460484548696
            ],
            [
              66.98959923503494,
              30.188217726771867
            ],
            [
              66.97984968080553,
              30.183150344684496
            ],
            [
              66.98038298302345,
              30.182037994660966
            ],
            [
              66.97935746119377,
              30.183342882387784
            ],
            [
              66.97970718570994,
              30.18207400500672
            ],
            [
              66.97929471530576,
              30.182871420315788
            ],
            [
              66.97835585735689,
              30.183853484420304
            ],
            [
              66.97827370300439,
              30.183315010347805
            ],
            [
              66.9783802744946,
              30.1824426725833
            ],
            [
              66.9777185521956,
              30.183655172314833
            ],
            [
              66.97813163435328,
              30.181907482734665
            ],
            [
              66.9779200346339,
              30.181446367751455
            ],
            [
              66.9774209278239,
              30.182082441001437
            ],
            [
              66.97727684890405,
              30.181551709274032
            ],
            [
              66.97699164768031,
              30.181761074346976
            ],
            [
              66.97668388438491,
              30.18197503368302
            ],
            [
              66.97642944076902,
              30.18116025133078
            ],
            [
              66.97589659793198,
              30.182608565381297
            ],
            [
              66.97558513636174,
              30.181708051842016
            ],
            [
              66.97552095888273,
              30.18110820033577
            ],
            [
              66.97535053814637,
              30.181000649178483
            ],
            [
              66.97495375209667,
              30.182407296469236
            ],
            [
              66.97473151692765,
              30.181701861927205
            ],
            [
              66.97436493303832,
              30.183280908493092
            ],
            [
              66.97390307922339,
              30.181797299756443
            ],
            [
              66.96729925127865,
              30.18121881606239
            ],
            [
              66.96077851990074,
              30.18373089673836
            ],
            [
              66.95421392758276,
              30.183781293608003
            ],
            [
              66.95387416757083,
              30.184260653281527
            ],
            [
              66.95341424876985,
              30.18338530543161
            ],
            [
              66.95309200623984,
              30.18378220363925
            ],
            [
              66.9530945183811,
              30.184582689587383
            ],
            [
              66.95281489773818,
              30.18504577288625
            ],
            [
              66.95237130254203,
              30.184141131820944
            ],
            [
              66.95241820338808,
              30.18536699750543
            ],
            [
              66.95153388690346,
              30.183461676927333
            ],
            [
              66.95138108769834,
              30.184380330703092
            ],
            [
              66.95081390996975,
              30.184193326311828
            ],
            [
              66.95067136325036,
              30.184875906469653
            ],
            [
              66.94993103900356,
              30.18406035771323
            ],
            [
              66.95075874812855,
              30.185835870202684
            ],
            [
              66.95084502436202,
              30.18640763628956
            ],
            [
              66.94982808353318,
              30.185328559521157
            ],
            [
              66.94899177262526,
              30.18499975210336
            ],
            [
              66.94891582629079,
              30.185773544229708
            ],
            [
              66.9482685403458,
              30.185459270559882
            ],
            [
              66.94915426827414,
              30.18684409019187
            ],
            [
              66.94839344945808,
              30.186521723612703
            ],
            [
              66.94784129207578,
              30.18648818588506
            ],
            [
              66.94752073287361,
              30.186584896827537
            ],
            [
              66.94764081266011,
              30.1871283730057
            ],
            [
              66.948274988174,
              30.188002431500248
            ],
            [
              66.94775832638649,
              30.188018605128708
            ],
            [
              66.94715816978895,
              30.187932856245205
            ],
            [
              66.94809088107556,
              30.188677404574587
            ],
            [
              66.94766637068572,
              30.188846552707652
            ],
            [
              66.94600159639575,
              30.188154578990535
            ],
            [
              66.9466998313323,
              30.18875229246658
            ],
            [
              66.94520856638187,
              30.188580505058795
            ],
            [
              66.94617754309216,
              30.189514025179225
            ],
            [
              66.9453487529773,
              30.189826413947866
            ],
            [
              66.94612699072994,
              30.19058227923287
            ],
            [
              66.94544342755131,
              30.190661510635024
            ],
            [
              66.94675708676887,
              30.191253820386045
            ],
            [
              66.94536174358078,
              30.19102894067087
            ],
            [
              66.94593717849354,
              30.19151882853362
            ],
            [
              66.94045435242457,
              30.210803781166224
            ],
            [
              66.93680414005041,
              30.230335259426504
            ],
            [
              66.935126924106,
              30.25041252464041
            ],
            [
              66.92986404815787,
              30.269732737298643
            ],
            [
              66.92856423242418,
              30.269675898267412
            ],
            [
              66.92898508287814,
              30.269994303679027
            ],
            [
              66.92869357706955,
              30.27017738918441
            ],
            [
              66.92978812030117,
              30.270703145024306
            ],
            [
              66.9307065509175,
              30.27105312320964
            ],
            [
              66.93053162874465,
              30.271182745718342
            ],
            [
              66.92974552712272,
              30.271642851957026
            ],
            [
              66.93081188876025,
              30.271904027786224
            ],
            [
              66.92978032049886,
              30.272573471397486
            ],
            [
              66.93032793473512,
              30.272521343824774
            ],
            [
              66.93026690036824,
              30.272821119292985
            ],
            [
              66.92841428396164,
              30.27335359448161
            ],
            [
              66.9296825260071,
              30.27333940000797
            ],
            [
              66.93140287822735,
              30.273498239642763
            ],
            [
              66.92981959990546,
              30.274189919711304
            ],
            [
              66.92912473794314,
              30.275041320661305
            ],
            [
              66.9301645361661,
              30.275098948122995
            ],
            [
              66.93105155330421,
              30.275417581765545
            ],
            [
              66.93049510723986,
              30.27590457537191
            ],
            [
              66.93185107927977,
              30.275570333090116
            ],
            [
              66.93041448720244,
              30.276651535003644
            ],
            [
              66.93161012421045,
              30.276402073560376
            ],
            [
              66.93115424089135,
              30.276841388297612
            ],
            [
              66.93230413669201,
              30.276351527468428
            ],
            [
              66.9307349442472,
              30.277758192347154
            ],
            [
              66.93278144254576,
              30.276584154316986
            ],
            [
              66.93158362319699,
              30.27751404451443
            ],
            [
              66.93097145476263,
              30.27882995099124
            ],
            [
              66.93225286206231,
              30.27824772989714
            ],
            [
              66.93186888828987,
              30.279121862476753
            ],
            [
              66.93230561585423,
              30.27898223693747
            ],
            [
              66.93220371274897,
              30.27928714988917
            ],
            [
              66.93319247537352,
              30.27906128395967
            ],
            [
              66.93273926279224,
              30.279774689051955
            ],
            [
              66.93380492888356,
              30.27893497949596
            ],
            [
              66.93393697193969,
              30.279627380515873
            ],
            [
              66.93441398935958,
              30.279297710142853
            ],
            [
              66.93469156743029,
              30.280089242937308
            ],
            [
              66.93512142180285,
              30.279498875162368
            ],
            [
              66.9345938771747,
              30.280728976649087
            ],
            [
              66.93539367836483,
              30.279683237184216
            ],
            [
              66.93533309005,
              30.280361282193322
            ],
            [
              66.93547601650965,
              30.281297482652878
            ],
            [
              66.93631414377822,
              30.280762005113946
            ],
            [
              66.93625069157888,
              30.282029333959567
            ],
            [
              66.93698289112938,
              30.280186726551097
            ],
            [
              66.93698564919781,
              30.280839776949684
            ],
            [
              66.93727884225558,
              30.282251960495987
            ],
            [
              66.93759341812321,
              30.281746418160964
            ],
            [
              66.93779001764725,
              30.28202377441547
            ],
            [
              66.93797683274818,
              30.281038787965525
            ],
            [
              66.93836240671871,
              30.28051186130864
            ],
            [
              66.93872954623575,
              30.281494591136365
            ],
            [
              66.93891968842237,
              30.2811061411289
            ],
            [
              66.9394441235684,
              30.280117899935394
            ],
            [
              66.94008471381207,
              30.281236822562025
            ],
            [
              66.94035982131226,
              30.280512720923788
            ],
            [
              66.94081818848213,
              30.28097974277196
            ],
            [
              66.9409494953189,
              30.280462095566147
            ],
            [
              66.9413250030533,
              30.28130442875647
            ],
            [
              66.94138141831894,
              30.28011490188275
            ],
            [
              66.94173102855827,
              30.280769872886992
            ],
            [
              66.94268550515197,
              30.2819993462456
            ],
            [
              66.94269292918483,
              30.280524074648554
            ],
            [
              66.96235207277047,
              30.27216918091032
            ],
            [
              66.98271294026192,
              30.26529256727606
            ],
            [
              67.00246506502319,
              30.256383923449842
            ],
            [
              67.02272643327444,
              30.249244527511276
            ],
            [
              67.02328411305578,
              30.249467201711354
            ],
            [
              67.02343627196025,
              30.248744705384386
            ],
            [
              67.02303115419512,
              30.247585382874544
            ],
            [
              67.02422228566225,
              30.248871241996802
            ],
            [
              67.02419641498201,
              30.248226382515984
            ],
            [
              67.02400764311139,
              30.247492617823873
            ],
            [
              67.02511652720273,
              30.248383799323026
            ],
            [
              67.02491272304665,
              30.247633974329208
            ],
            [
              67.02423190442863,
              30.246470128574224
            ],
            [
              67.02502020237144,
              30.24698056698984
            ],
            [
              67.02506273175909,
              30.246628525217208
            ],
            [
              67.02577121667451,
              30.247108434220987
            ],
            [
              67.02526901301867,
              30.246191014467723
            ],
            [
              67.02587751763978,
              30.246250162157892
            ],
            [
              67.02646198277799,
              30.246443882732517
            ],
            [
              67.02566639193995,
              30.245557272297063
            ],
            [
              67.02723007758722,
              30.246281646855994
            ],
            [
              67.02678483205621,
              30.245511459142715
            ],
            [
              67.02616705100942,
              30.24456265476723
            ],
            [
              67.02763263843256,
              30.244947548409325
            ],
            [
              67.02680123761532,
              30.244200729312574
            ],
            [
              67.02741534723364,
              30.244121447531285
            ],
            [
              67.02772881463646,
              30.243869902415398
            ],
            [
              67.0275080613019,
              30.24341594714747
            ],
            [
              67.02834191919676,
              30.243177753304334
            ],
            [
              67.02915045946693,
              30.2430535909958
            ],
            [
              67.02745775547329,
              30.242181801918324
            ],
            [
              67.0283026151692,
              30.242063574224538
            ],
            [
              67.02726659715525,
              30.241530682293387
            ],
            [
              67.02862418107314,
              30.241247328900094
            ],
            [
              67.02905032924512,
              30.2409429716276
            ],
            [
              67.02781588883909,
              30.240711815511663
            ],
            [
              67.02914972219862,
              30.240614094118463
            ],
            [
              67.02879913773596,
              30.240384005677114
            ],
            [
              67.02928083424912,
              30.23983846281892
            ],
            [
              67.02811415314521,
              30.2397469349634
            ],
            [
              67.02851554589607,
              30.23926492547013
            ],
            [
              67.02984568524603,
              30.238820281482997
            ],
            [
              67.0289544490414,
              30.23870673799938
            ],
            [
              67.02757549876313,
              30.238786835286035
            ],
            [
              67.02834389358257,
              30.238298467906606
            ],
            [
              67.02693881859541,
              30.238601844793028
            ],
            [
              67.02923973542393,
              30.237751301877218
            ],
            [
              67.02947743433398,
              30.23749344151545
            ],
            [
              67.02836009277327,
              30.2375460802533
            ],
            [
              67.02704983873627,
              30.237451914057996
            ],
            [
              67.02777590831549,
              30.236981524354636
            ],
            [
              67.02782957435255,
              30.236501062311255
            ],
            [
              67.0271563338566,
              30.236545320336432
            ],
            [
              67.02836766466089,
              30.23564597384601
            ],
            [
              67.02732894084129,
              30.235573649710474
            ]
          ]
        ]
      }
    },
    {
      "type": "Feature",
      "properties": {
        "city_name": "Hundal",
        "station_count": 5,
        "area_km2": 20.02,
        "generated_by": "natural_jagged_polygons",
        "style": "jagged_boundaries"
      },
      "geometry": {
        "type": "Polygon",
        "coordinates": [
          [
            [
              74.51150295514314,
              32.46032038761736
            ],
            [
              74.51115219207215,
              32.46154726490974
            ],
            [
              74.51263122869786,
              32.46258958302296
            ],
            [
              74.5116417520923,
              32.46406805584815
            ],
            [
              74.51255022864575,
              32.46523164906919
            ],
            [
              74.51333268696439,
              32.46489257810546
            ],
            [
              74.51277786061276,
              32.46515610145523
            ],
            [
              74.51290699048239,
              32.465152198182025
            ],
            [
              74.51270352533301,
              32.46523715076405
            ],
            [
              74.51221181628485,
              32.46555596110759
            ],
            [
              74.51250455340211,
              32.46545263980126
            ],
            [
              74.5118876170778,
              32.465865210736546
            ],
            [
              74.51273837636462,
              32.46546700661017
            ],
            [
              74.51347740736816,
              32.465252391011795
            ],
            [
              74.51338930208445,
              32.465301476096364
            ],
            [
              74.51293695436075,
              32.466001276759975
            ],
            [
              74.51237760377755,
              32.466540717726275
            ],
            [
              74.5129689410701,
              32.46606668135393
            ],
            [
              74.51353772137854,
              32.46547498914948
            ],
            [
              74.5134162376566,
              32.46573028260116
            ],
            [
              74.51295768584443,
              32.46608147150427
            ],
            [
              74.51276932628977,
              32.46671299929142
            ],
            [
              74.51352985739824,
              32.4656843640096
            ],
            [
              74.51290599168206,
              32.4666387979227
            ],
            [
              74.51317343221667,
              32.466407360262345
            ],
            [
              74.51316501663517,
              32.46643312105597
            ],
            [
              74.51318025395999,
              32.46640145686287
            ],
            [
              74.51328379741156,
              32.46631185244217
            ],
            [
              74.51312608948574,
              32.46655228029212
            ],
            [
              74.51287518661366,
              32.46732031481344
            ],
            [
              74.51329865578576,
              32.4667121228357
            ],
            [
              74.51365247701729,
              32.46601031134047
            ],
            [
              74.51342519354313,
              32.466889777084354
            ],
            [
              74.5136803209202,
              32.46653909437829
            ],
            [
              74.51375089243253,
              32.46613609638144
            ],
            [
              74.51371177810402,
              32.46649585523056
            ],
            [
              74.51371211904355,
              32.46649538659566
            ],
            [
              74.51371147555882,
              32.46649863792731
            ],
            [
              74.51361335528526,
              32.46740111121638
            ],
            [
              74.51389533744981,
              32.466545268729924
            ],
            [
              74.51392629738858,
              32.46586117413581
            ],
            [
              74.51398812175236,
              32.4657346529021
            ],
            [
              74.51402856701807,
              32.466541468948435
            ],
            [
              74.51887516728526,
              32.46645351369772
            ],
            [
              74.52391412253019,
              32.46734605780691
            ],
            [
              74.52385602501165,
              32.4677234910101
            ],
            [
              74.52393096353107,
              32.467250605088246
            ],
            [
              74.52407608492355,
              32.46761112930053
            ],
            [
              74.52407537055569,
              32.46780970148257
            ],
            [
              74.52408576871244,
              32.46763518667967
            ],
            [
              74.52412524986704,
              32.46773326947724
            ],
            [
              74.52410512277112,
              32.46731036278854
            ],
            [
              74.52410854288125,
              32.46725296224539
            ],
            [
              74.5242690814246,
              32.467800144673035
            ],
            [
              74.52411102045276,
              32.466763218496475
            ],
            [
              74.52429412545727,
              32.46724726117291
            ],
            [
              74.5241430616422,
              32.466414727078096
            ],
            [
              74.52430760086268,
              32.46685524902221
            ],
            [
              74.52470371845898,
              32.4675268138259
            ],
            [
              74.5246261389184,
              32.467172233445524
            ],
            [
              74.52505373713653,
              32.467926237620446
            ],
            [
              74.52491755011647,
              32.46766617166842
            ],
            [
              74.52483646897247,
              32.46715027443259
            ],
            [
              74.55210356540374,
              32.45356964788268
            ],
            [
              74.57890402553288,
              32.43916566402487
            ],
            [
              74.57913705998925,
              32.43941142608624
            ],
            [
              74.57907029133476,
              32.439090070173606
            ],
            [
              74.57844549338611,
              32.438324377405664
            ],
            [
              74.57909004994846,
              32.43910168068905
            ],
            [
              74.57930231650755,
              32.439317425468055
            ],
            [
              74.57918441727867,
              32.43897010681759
            ],
            [
              74.57853862347369,
              32.43836811924936
            ],
            [
              74.57952968192683,
              32.439245738116774
            ],
            [
              74.57966573112276,
              32.439283828538365
            ],
            [
              74.57929666541344,
              32.43884295462277
            ],
            [
              74.57862803260703,
              32.43814212501246
            ],
            [
              74.57944759148712,
              32.43873905855055
            ],
            [
              74.57908628504772,
              32.43833187050296
            ],
            [
              74.57902954835116,
              32.43829906495008
            ],
            [
              74.57900029367472,
              32.43823495925127
            ],
            [
              74.57894093094765,
              32.438168058165935
            ],
            [
              74.57898353306659,
              32.438198231772894
            ],
            [
              74.57892496216931,
              32.438069885513166
            ],
            [
              74.57938906037869,
              32.43827593644581
            ],
            [
              74.58045866042845,
              32.438752984952345
            ],
            [
              74.57979690686639,
              32.43833237551914
            ],
            [
              74.57885210483892,
              32.43794671131472
            ],
            [
              74.57970296012766,
              32.438287279057356
            ],
            [
              74.57996615640252,
              32.43824347053128
            ],
            [
              74.57902236191762,
              32.43783628270219
            ],
            [
              74.57927886157015,
              32.437908005384564
            ],
            [
              74.57963203098848,
              32.437836621995416
            ],
            [
              74.57892852367205,
              32.437619597758776
            ],
            [
              74.5795826321142,
              32.437613430823134
            ],
            [
              74.57943622026262,
              32.43758434357096
            ],
            [
              74.57873964364526,
              32.437569624805995
            ],
            [
              74.57935777960931,
              32.43734132237993
            ],
            [
              74.57972716700635,
              32.43721858440971
            ],
            [
              74.57863626083973,
              32.43734035044786
            ],
            [
              74.57937443183945,
              32.437193517185115
            ],
            [
              74.57951156865606,
              32.436931106610444
            ],
            [
              74.57991051657129,
              32.43689041334549
            ],
            [
              74.58033650135171,
              32.436632732341685
            ],
            [
              74.57997109650941,
              32.43679807645789
            ],
            [
              74.57953160274174,
              32.436799493062324
            ],
            [
              74.57993726042291,
              32.43657087674344
            ],
            [
              74.5789146374546,
              32.43701991222179
            ],
            [
              74.57954114580187,
              32.43673026298752
            ],
            [
              74.57899550199878,
              32.43688243484415
            ],
            [
              74.57951065738705,
              32.43662614647974
            ],
            [
              74.58028306806105,
              32.435795803532244
            ],
            [
              74.57993635438065,
              32.435951633780775
            ],
            [
              74.57932565160317,
              32.436433700206386
            ],
            [
              74.57856278213349,
              32.43695399740356
            ],
            [
              74.57942687069013,
              32.43617723798459
            ],
            [
              74.57921088717859,
              32.43631088429537
            ],
            [
              74.5796745556032,
              32.43577890376049
            ],
            [
              74.57881721037106,
              32.436594156242194
            ],
            [
              74.57854457375856,
              32.43680933078255
            ],
            [
              74.57904744850518,
              32.43617488235634
            ],
            [
              74.57922342090896,
              32.43577544830968
            ],
            [
              74.57929922246686,
              32.43559139901715
            ],
            [
              74.57890750884818,
              32.43607643148495
            ],
            [
              74.57923749026078,
              32.43545581919389
            ],
            [
              74.57882240855314,
              32.436037474851034
            ],
            [
              74.57863034001939,
              32.4363120746292
            ],
            [
              74.57879756042719,
              32.43564500323751
            ],
            [
              74.5783604853399,
              32.4364464832842
            ],
            [
              74.57856795588626,
              32.435900872237596
            ],
            [
              74.57868466729587,
              32.43520386262218
            ],
            [
              74.57832155439954,
              32.435790391255075
            ],
            [
              74.56229484202822,
              32.430695996465666
            ],
            [
              74.54545861468517,
              32.427715876418425
            ],
            [
              74.52932307066479,
              32.42265525264075
            ],
            [
              74.52902780369618,
              32.42338521706234
            ],
            [
              74.52902068841736,
              32.423330498770575
            ],
            [
              74.52905060895009,
              32.422557010443946
            ],
            [
              74.52890552512578,
              32.42180304696752
            ],
            [
              74.5288979391297,
              32.42178434647424
            ],
            [
              74.52878124923788,
              32.42258223203624
            ],
            [
              74.52878523566297,
              32.42322341220063
            ],
            [
              74.5287412975675,
              32.42297159208006
            ],
            [
              74.52872886777949,
              32.42317247341525
            ],
            [
              74.52872856959723,
              32.423171390285404
            ],
            [
              74.52874114371036,
              32.422970710286656
            ],
            [
              74.52855802651963,
              32.42192122025841
            ],
            [
              74.52861981433207,
              32.422776343054544
            ],
            [
              74.5284228918357,
              32.422061033439284
            ],
            [
              74.52846395379188,
              32.422652071929434
            ],
            [
              74.52857475668459,
              32.42321825514681
            ],
            [
              74.52814934077735,
              32.4222703956968
            ],
            [
              74.52823319041867,
              32.42265862333154
            ],
            [
              74.52853808786912,
              32.423470734649584
            ],
            [
              74.52784570143334,
              32.421983373523275
            ],
            [
              74.52823828204811,
              32.42284277058264
            ],
            [
              74.52849391339797,
              32.423403848004405
            ],
            [
              74.52817587101374,
              32.423098409709304
            ],
            [
              74.52808687413463,
              32.422928018094645
            ],
            [
              74.52771963314302,
              32.4224493521453
            ],
            [
              74.52752334533706,
              32.42219679650994
            ],
            [
              74.52723449070741,
              32.422032050397526
            ],
            [
              74.52773185080773,
              32.422879428400684
            ],
            [
              74.52842784837725,
              32.42364270467723
            ],
            [
              74.52764138975593,
              32.42302268058786
            ],
            [
              74.52686406610431,
              32.42250642598432
            ],
            [
              74.52749893603703,
              32.42313407288831
            ],
            [
              74.52778517498783,
              32.423495276403834
            ],
            [
              74.52757171949384,
              32.423398506489754
            ],
            [
              74.52794257396098,
              32.42368262768888
            ],
            [
              74.527123569827,
              32.4231592065813
            ],
            [
              74.52653890159789,
              32.42288461904734
            ],
            [
              74.527205922648,
              32.4233561251555
            ],
            [
              74.52653360907695,
              32.42307192092573
            ],
            [
              74.52718024210903,
              32.42354983055355
            ],
            [
              74.52271223220883,
              32.435732670911285
            ],
            [
              74.51610682600413,
              32.44706459655606
            ],
            [
              74.5115606645581,
              32.4592213562679
            ],
            [
              74.51079505259695,
              32.45895490626726
            ],
            [
              74.51075520889006,
              32.458979488715194
            ],
            [
              74.51142210831517,
              32.4593384385831
            ],
            [
              74.51048923440821,
              32.45912360073452
            ],
            [
              74.5118328631147,
              32.45954668024708
            ],
            [
              74.51080351895551,
              32.459275163844886
            ],
            [
              74.51149613507789,
              32.459597566091794
            ],
            [
              74.51055042759769,
              32.459422232458444
            ],
            [
              74.51084901359884,
              32.45959469557909
            ],
            [
              74.51121445784007,
              32.459598679251535
            ],
            [
              74.5108679418296,
              32.459658625027195
            ],
            [
              74.51162814898673,
              32.45979662176364
            ],
            [
              74.51035572183513,
              32.45986420851185
            ],
            [
              74.51127682137931,
              32.4598294390587
            ],
            [
              74.51174466514283,
              32.45995264766744
            ],
            [
              74.51175794503497,
              32.46001105399075
            ],
            [
              74.51228260080013,
              32.45993517059202
            ],
            [
              74.51150295514314,
              32.46032038761736
            ]
          ]
        ]
      }
    },
    {
      "type": "Feature",
      "properties": {
        "city_name": "Gujranwala",
        "station_count": 4,
        "area_km2": 25.01,
        "generated_by": "natural_jagged_polygons",
        "style": "jagged_boundaries"
      },
      "geometry": {
        "type": "Polygon",
        "coordinates": [
          [
            [
              74.17391566156344,
              32.137167693932014
            ],
            [
              74.17369181314861,
              32.15002013470819
            ],
            [
              74.17384782046858,
              32.16304760576619
            ],
            [
              74.17646021130656,
              32.17580984379586
            ],
            [
              74.1756223753006,
              32.18872699354804
            ],
            [
              74.17749570602906,
              32.18890613828205
            ],
            [
              74.17488630219401,
              32.18925622446375
            ],
            [
              74.17585253995966,
              32.18928011769295
            ],
            [
              74.1775811028204,
              32.18900877519927
            ],
            [
              74.17699071138291,
              32.18926183160372
            ],
            [
              74.17477817684488,
              32.189760894483676
            ],
            [
              74.17590774625266,
              32.18967606689793
            ],
            [
              74.1754041654045,
              32.190164551932405
            ],
            [
              74.17613265220788,
              32.190152547509115
            ],
            [
              74.17463153305711,
              32.19087662124195
            ],
            [
              74.17618262117054,
              32.19046514016779
            ],
            [
              74.17563033767536,
              32.191107024657924
            ],
            [
              74.17652019577763,
              32.1909348631631
            ],
            [
              74.17777671327978,
              32.190161856001254
            ],
            [
              74.17587429242481,
              32.19162443323152
            ],
            [
              74.17657138583871,
              32.19115760141896
            ],
            [
              74.18064479151292,
              32.19491297820831
            ],
            [
              74.1825256506781,
              32.19996899481963
            ],
            [
              74.18558330726529,
              32.20434619357019
            ],
            [
              74.18943450486914,
              32.20842168474026
            ],
            [
              74.19040810829438,
              32.207606868958955
            ],
            [
              74.19030662606121,
              32.20774677858803
            ],
            [
              74.18957138212006,
              32.208652306262046
            ],
            [
              74.18999216749474,
              32.20830606508234
            ],
            [
              74.18897941401467,
              32.20958067622278
            ],
            [
              74.18993993935577,
              32.20899856186974
            ],
            [
              74.19033543863819,
              32.20848801128885
            ],
            [
              74.18996580452539,
              32.20905756916316
            ],
            [
              74.19113785818497,
              32.20776020291578
            ],
            [
              74.1898090555939,
              32.210066922800415
            ],
            [
              74.19084011190269,
              32.2088154793121
            ],
            [
              74.19039140401503,
              32.20934864571957
            ],
            [
              74.19129471848343,
              32.20822010807353
            ],
            [
              74.19109405483046,
              32.208704825815026
            ],
            [
              74.19158603131105,
              32.208182738731054
            ],
            [
              74.19066692681261,
              32.20948698755615
            ],
            [
              74.19117504882838,
              32.20918857137652
            ],
            [
              74.19101535039171,
              32.20962918665511
            ],
            [
              74.19114866409228,
              32.2107495037837
            ],
            [
              74.19135696658499,
              32.20972039434687
            ],
            [
              74.1920255105795,
              32.20929137176848
            ],
            [
              74.19189705823526,
              32.20990568614641
            ],
            [
              74.1920118501291,
              32.211168104714226
            ],
            [
              74.19220130309837,
              32.21069088885104
            ],
            [
              74.19241043697241,
              32.2100292253691
            ],
            [
              74.19241844453525,
              32.20881716608169
            ],
            [
              74.1925888700852,
              32.209162471117914
            ],
            [
              74.19293112886672,
              32.21011702637054
            ],
            [
              74.19294213190963,
              32.21054006115914
            ],
            [
              74.19323868933662,
              32.2100173545311
            ],
            [
              74.19312693130345,
              32.2081295548082
            ],
            [
              74.19372747393457,
              32.20997954413845
            ],
            [
              74.19355252631154,
              32.20916280321472
            ],
            [
              74.19375064276763,
              32.20964301253414
            ],
            [
              74.19458423993139,
              32.210994398757336
            ],
            [
              74.19428815756582,
              32.209608350949935
            ],
            [
              74.19392800493617,
              32.20809923900697
            ],
            [
              74.19485508772176,
              32.209569582305825
            ],
            [
              74.19437561557127,
              32.20859625370415
            ],
            [
              74.1949454881068,
              32.2091766016797
            ],
            [
              74.1957235507937,
              32.209869279008345
            ],
            [
              74.19556649343767,
              32.20913865225997
            ],
            [
              74.19516024850371,
              32.20849736029378
            ],
            [
              74.19552784501036,
              32.20862695449182
            ],
            [
              74.19651896890302,
              32.20947013317792
            ],
            [
              74.19613616260605,
              32.20875747249259
            ],
            [
              74.1960529895893,
              32.2085024343108
            ],
            [
              74.19675470432793,
              32.20891751369212
            ],
            [
              74.1962487763804,
              32.20814446899514
            ],
            [
              74.19726332747588,
              32.20863514897891
            ],
            [
              74.19588901983381,
              32.20762970143287
            ],
            [
              74.19624873899286,
              32.20765114186185
            ],
            [
              74.1949565718754,
              32.206961469966984
            ],
            [
              74.19560382315031,
              32.20714470833364
            ],
            [
              74.19645373601529,
              32.20730764774179
            ],
            [
              74.19506331391668,
              32.2066868775995
            ],
            [
              74.19714314359899,
              32.2073356718629
            ],
            [
              74.19759586239613,
              32.207333777604184
            ],
            [
              74.19657895106677,
              32.206919150235834
            ],
            [
              74.19746456329905,
              32.207028777305155
            ],
            [
              74.19767731988946,
              32.2070706593947
            ],
            [
              74.1970214969057,
              32.20676806235868
            ],
            [
              74.19949926274221,
              32.182761528595776
            ],
            [
              74.2063485727181,
              32.15979002976246
            ],
            [
              74.21004634933904,
              32.13595035906202
            ],
            [
              74.20877015721187,
              32.13562656235773
            ],
            [
              74.2104094076247,
              32.13576653917397
            ],
            [
              74.20949368829645,
              32.13539418742283
            ],
            [
              74.21054205017218,
              32.13544471120767
            ],
            [
              74.21107876469914,
              32.13501564740041
            ],
            [
              74.2100626212301,
              32.13472151811438
            ],
            [
              74.20910859174596,
              32.13475992161227
            ],
            [
              74.21015405345506,
              32.13442856640265
            ],
            [
              74.21133860800204,
              32.13411249603047
            ],
            [
              74.21079334511727,
              32.13403799391488
            ],
            [
              74.2116644490679,
              32.13384254106877
            ],
            [
              74.20990927335039,
              32.13393417736372
            ],
            [
              74.2109615585127,
              32.13363245335353
            ],
            [
              74.21003216686843,
              32.13373403298702
            ],
            [
              74.21132136284501,
              32.13287297567895
            ],
            [
              74.20882326850166,
              32.133832477821905
            ],
            [
              74.20977727974356,
              32.13330893903774
            ],
            [
              74.210328171528,
              32.13304503507411
            ],
            [
              74.2101978320426,
              32.13301907819164
            ],
            [
              74.21105874392381,
              32.13237757317525
            ],
            [
              74.20971281840667,
              32.13305890164112
            ],
            [
              74.2110130647617,
              32.13202666814204
            ],
            [
              74.20855835925435,
              32.133525674338
            ],
            [
              74.20850161173041,
              32.13342382221616
            ],
            [
              74.2092843032708,
              32.13259766384664
            ],
            [
              74.21025644812408,
              32.13175670277718
            ],
            [
              74.20962629682094,
              32.13205145984514
            ],
            [
              74.20898333767995,
              32.13227082666676
            ],
            [
              74.20816126216971,
              32.13316288691255
            ],
            [
              74.20842840183853,
              32.13276027882409
            ],
            [
              74.20893293983713,
              32.13216556786939
            ],
            [
              74.20813997737096,
              32.132570524493644
            ],
            [
              74.20865477411853,
              32.131947694133025
            ],
            [
              74.20776339094952,
              32.132918993766445
            ],
            [
              74.20848662729068,
              32.13135392299239
            ],
            [
              74.2080422487655,
              32.13154280354851
            ],
            [
              74.20871056188906,
              32.130417583272326
            ],
            [
              74.20771851136409,
              32.1313868805081
            ],
            [
              74.20814446486261,
              32.13041758639902
            ],
            [
              74.20774645767085,
              32.130852884780445
            ],
            [
              74.20765390619572,
              32.13145851785797
            ],
            [
              74.20696356122586,
              32.13241726213697
            ],
            [
              74.20701430813503,
              32.13117275656939
            ],
            [
              74.20713094371341,
              32.12967875603408
            ],
            [
              74.20689836771304,
              32.13129716710639
            ],
            [
              74.20646528154283,
              32.13168790030642
            ],
            [
              74.2064050099463,
              32.12999514867633
            ],
            [
              74.20608142734173,
              32.13096520460045
            ],
            [
              74.2060037839391,
              32.13035472854794
            ],
            [
              74.2060543711879,
              32.1324566481801
            ],
            [
              74.2057360959685,
              32.13101762737374
            ],
            [
              74.19891008785287,
              32.1323145695363
            ],
            [
              74.1919952411056,
              32.13294468837854
            ],
            [
              74.18483015480243,
              32.133408510583074
            ],
            [
              74.17780805545688,
              32.132778599015595
            ],
            [
              74.17792518907282,
              32.134460054672786
            ],
            [
              74.17739798672622,
              32.13281847172923
            ],
            [
              74.17755044822515,
              32.13364031756894
            ],
            [
              74.17713045508776,
              32.131878931199346
            ],
            [
              74.17678536143113,
              32.1312897830258
            ],
            [
              74.17698873799279,
              32.13289341555239
            ],
            [
              74.17716385112921,
              32.134246553587374
            ],
            [
              74.17694654382078,
              32.13375366029975
            ],
            [
              74.17608958734678,
              32.13237585372338
            ],
            [
              74.17687074793004,
              32.134270257897114
            ],
            [
              74.17648781298435,
              32.133355289467666
            ],
            [
              74.17550630056138,
              32.13215576885562
            ],
            [
              74.17571713952941,
              32.13273877374533
            ],
            [
              74.17584434768958,
              32.13282898469909
            ],
            [
              74.1759283373521,
              32.13340716414569
            ],
            [
              74.17504086621514,
              32.13223528987277
            ],
            [
              74.17630445663673,
              32.13425803983981
            ],
            [
              74.17615241174724,
              32.13444652967622
            ],
            [
              74.17570787278468,
              32.1337157229625
            ],
            [
              74.1743634157553,
              32.132284935451324
            ],
            [
              74.17507592319153,
              32.13333134161624
            ],
            [
              74.17539666895412,
              32.133975813413024
            ],
            [
              74.17457388698524,
              32.133298515255824
            ],
            [
              74.17576976160724,
              32.13471927224723
            ],
            [
              74.17490679512753,
              32.134121416021905
            ],
            [
              74.17525252301229,
              32.13456464527716
            ],
            [
              74.17569489755002,
              32.13495882838304
            ],
            [
              74.1748356641123,
              32.134566152874
            ],
            [
              74.1756859227437,
              32.13525016275266
            ],
            [
              74.17429424728509,
              32.13468308082811
            ],
            [
              74.17517560342296,
              32.13531004252869
            ],
            [
              74.17358665965192,
              32.13460835568585
            ],
            [
              74.17370839357983,
              32.13478217424239
            ],
            [
              74.17437296856481,
              32.13523086051726
            ],
            [
              74.17486032184505,
              32.135628290610995
            ],
            [
              74.17332623610851,
              32.135031913081306
            ],
            [
              74.17535773908857,
              32.13594507926594
            ],
            [
              74.17424389104333,
              32.13562533033088
            ],
            [
              74.17488157493281,
              32.13599879361379
            ],
            [
              74.17403261888228,
              32.13594988079973
            ],
            [
              74.17289945661332,
              32.13599394646926
            ],
            [
              74.17416525457595,
              32.13649836705091
            ],
            [
              74.17297683978951,
              32.13650247342888
            ],
            [
              74.17488767314653,
              32.136820565561116
            ],
            [
              74.17388312622046,
              32.13673545918514
            ],
            [
              74.17287313714047,
              32.136812090601815
            ],
            [
              74.17324295242436,
              32.13698827750215
            ],
            [
              74.17391566156344,
              32.137167693932014
            ]
          ]
        ]
      }
    },
    {
      "type": "Feature",
      "properties": {
        "city_name": "Malir Cantonment",
        "station_count": 4,
        "area_km2": 72.02,
        "generated_by": "natural_jagged_polygons",
        "style": "jagged_boundaries"
      },
      "geometry": {
        "type": "Polygon",
        "coordinates": [
          [
            [
              67.19158054742074,
              24.95854189009176
            ],
            [
              67.16358592314667,
              24.9350346896494
            ],
            [
              67.15298070443639,
              24.925405131579897
            ],
            [
              67.145589543159,
              24.927211015309574
            ],
            [
              67.14552873214151,
              24.927223884650477
            ],
            [
              67.08353946563534,
              24.938341924562845
            ],
            [
              67.06904503667997,
              24.941759343813366
            ],
            [
              67.05992005615148,
              24.946360670993855
            ],
            [
              67.0592462984098,
              24.94572569815764
            ],
            [
              67.05946669021384,
              24.94647368172804
            ],
            [
              67.05929746935124,
              24.946747285931494
            ],
            [
              67.0588354304564,
              24.946531397179385
            ],
            [
              67.05965877233389,
              24.94785560599055
            ],
            [
              67.05901196882887,
              24.94740072782692
            ],
            [
              67.05808802700385,
              24.94667434171229
            ],
            [
              67.05899426397205,
              24.9481151355425
            ],
            [
              67.05808356177779,
              24.94723317825017
            ],
            [
              67.05829423492563,
              24.94777456293839
            ],
            [
              67.05882797558732,
              24.948751943451175
            ],
            [
              67.05787365893255,
              24.948371242382496
            ],
            [
              67.05648979255628,
              24.947626053441006
            ],
            [
              67.05712337497526,
              24.948429830026882
            ],
            [
              67.05735186012794,
              24.94890363935836
            ],
            [
              67.05645414994213,
              24.948666710102227
            ],
            [
              67.05779557983465,
              24.94988380232223
            ],
            [
              67.05718116123177,
              24.949680058538185
            ],
            [
              67.05634856665804,
              24.949457978598996
            ],
            [
              67.05623488586569,
              24.949865199391486
            ],
            [
              67.05679017190846,
              24.950292221656692
            ],
            [
              67.05542440824505,
              24.949951036475724
            ],
            [
              67.05708161616874,
              24.950657980760738
            ],
            [
              67.05520054067577,
              24.95033032745826
            ],
            [
              67.0564451704123,
              24.950918311650188
            ],
            [
              67.0558133213111,
              24.951075801117028
            ],
            [
              67.05550559222023,
              24.9511263825689
            ],
            [
              67.0562061573392,
              24.95159228640611
            ],
            [
              67.05724810883324,
              24.951880053504837
            ],
            [
              67.05708204904876,
              24.952038187078944
            ],
            [
              67.0551030167536,
              24.952082428535448
            ],
            [
              67.05617084083222,
              24.952374742960902
            ],
            [
              67.05559748127868,
              24.952514747263123
            ],
            [
              67.0552998744133,
              24.952821511887297
            ],
            [
              67.05611812696719,
              24.9531034330631
            ],
            [
              67.05474546783752,
              24.953393133829728
            ],
            [
              67.05525795652676,
              24.95357264668437
            ],
            [
              67.05609254559786,
              24.953802430627487
            ],
            [
              67.05540679457616,
              24.954012564311554
            ],
            [
              67.05548425581435,
              24.954323178172384
            ],
            [
              67.05532818737437,
              24.954545528071698
            ],
            [
              67.05631251504468,
              24.954617982805903
            ],
            [
              67.05762696862213,
              24.95445327968316
            ],
            [
              67.05584081347233,
              24.955189271825507
            ],
            [
              67.05627217153685,
              24.955189852201794
            ],
            [
              67.05753351258282,
              24.955040005540976
            ],
            [
              67.05603208410594,
              24.955905220764496
            ],
            [
              67.05651260617711,
              24.95589123959593
            ],
            [
              67.05577024882311,
              24.95657150951501
            ],
            [
              67.05731165664322,
              24.955992082026484
            ],
            [
              67.05566745267694,
              24.957020349976407
            ],
            [
              67.0568767702333,
              24.95660726921917
            ],
            [
              67.05620676032933,
              24.95728140636383
            ],
            [
              67.05675089639382,
              24.9570584227304
            ],
            [
              67.05769722823617,
              24.956936807203036
            ],
            [
              67.05735370296676,
              24.957325994041277
            ],
            [
              67.05790436809392,
              24.95715958038217
            ],
            [
              67.05782884454354,
              24.95796365443332
            ],
            [
              67.05730170019599,
              24.958506371109028
            ],
            [
              67.05851389047876,
              24.95782984894542
            ],
            [
              67.05800912770582,
              24.9583122754105
            ],
            [
              67.05926796265211,
              24.95763710814471
            ],
            [
              67.0587337426532,
              24.9589572282636
            ],
            [
              67.05965348593487,
              24.95810651627878
            ],
            [
              67.05920588224204,
              24.959339471311733
            ],
            [
              67.06000830759045,
              24.95851402619631
            ],
            [
              67.05907918849609,
              24.960284426451352
            ],
            [
              67.05911502005209,
              24.960702544615714
            ],
            [
              67.05989042620988,
              24.95978394069426
            ],
            [
              67.059885568017,
              24.960428184118022
            ],
            [
              67.06052770037729,
              24.960109186258656
            ],
            [
              67.06094924262284,
              24.95951762795568
            ],
            [
              67.06129193901943,
              24.959384679917115
            ],
            [
              67.06065440804068,
              24.961456815079007
            ],
            [
              67.06141744080615,
              24.960526143488444
            ],
            [
              67.06173468812405,
              24.959893485796357
            ],
            [
              67.06179462695152,
              24.96050120632496
            ],
            [
              67.09942268665554,
              24.969085818189264
            ],
            [
              67.13698612049112,
              24.97776098111042
            ],
            [
              67.17394702804255,
              24.988782229797582
            ],
            [
              67.21162113131489,
              24.996430959379325
            ],
            [
              67.21176329696696,
              24.99767610412724
            ],
            [
              67.2123445820373,
              24.996560231105395
            ],
            [
              67.21256206515116,
              24.99562422974178
            ],
            [
              67.21280810771613,
              24.995810034564286
            ],
            [
              67.21280304125338,
              24.997858099158908
            ],
            [
              67.21321189011691,
              24.996710333038564
            ],
            [
              67.21331971271587,
              24.995650782645534
            ],
            [
              67.21366579413714,
              24.99620757108836
            ],
            [
              67.21370252389161,
              24.996521291323074
            ],
            [
              67.21405471406769,
              24.995790341550872
            ],
            [
              67.21445263451243,
              24.997366489425552
            ],
            [
              67.2147782290836,
              24.996671452612475
            ],
            [
              67.21496050717683,
              24.997359833803213
            ],
            [
              67.21493351882991,
              24.996003495799783
            ],
            [
              67.21535496060837,
              24.996407787016196
            ],
            [
              67.21593508736495,
              24.996999441603638
            ],
            [
              67.2160157059833,
              24.996144808650214
            ],
            [
              67.21652085573744,
              24.996805320224738
            ],
            [
              67.21664679499999,
              24.996707066235345
            ],
            [
              67.2162335007729,
              24.994886174002293
            ],
            [
              67.21691107108907,
              24.995994923856408
            ],
            [
              67.21715044793612,
              24.996228709346205
            ],
            [
              67.21745871317614,
              24.99637440579522
            ],
            [
              67.21701764986105,
              24.99517214883262
            ],
            [
              67.21752258646323,
              24.995602678410986
            ],
            [
              67.21698382765956,
              24.994666003553746
            ],
            [
              67.21810238269798,
              24.995801815948177
            ],
            [
              67.21814976177716,
              24.995185623724563
            ],
            [
              67.21891580310411,
              24.995865039275508
            ],
            [
              67.21812642351559,
              24.99444540596969
            ],
            [
              67.218461985835,
              24.994520570863376
            ],
            [
              67.21822745834513,
              24.99401437013281
            ],
            [
              67.21948198651879,
              24.994728325276515
            ],
            [
              67.21902097453253,
              24.994009224829004
            ],
            [
              67.22021788525835,
              24.994651508611362
            ],
            [
              67.219106265272,
              24.99343122001056
            ],
            [
              67.21943757819007,
              24.993387867850135
            ],
            [
              67.22051947686377,
              24.99371938230772
            ],
            [
              67.21950921385111,
              24.992777049596665
            ],
            [
              67.21998934304993,
              24.992859568826738
            ],
            [
              67.21965407820235,
              24.992353555648208
            ],
            [
              67.22027581728246,
              24.992152812972684
            ],
            [
              67.2195827457044,
              24.991642902287417
            ],
            [
              67.2211467679094,
              24.992079917054387
            ],
            [
              67.221833452489,
              24.992209614306507
            ],
            [
              67.22043989273362,
              24.991376356333323
            ],
            [
              67.2201195503592,
              24.991252672099574
            ],
            [
              67.2215939579104,
              24.9914053530724
            ],
            [
              67.22158712019227,
              24.99129095204267
            ],
            [
              67.22102092584021,
              24.99091632639153
            ],
            [
              67.22182135659702,
              24.990693797565985
            ],
            [
              67.22016824986984,
              24.990115483460205
            ],
            [
              67.22084297426555,
              24.989957905158146
            ],
            [
              67.22152655889298,
              24.989762218502015
            ],
            [
              67.22086309345617,
              24.989179056481493
            ],
            [
              67.22209916265088,
              24.989072811604462
            ],
            [
              67.2215611643411,
              24.98884493198341
            ],
            [
              67.22168925273304,
              24.988731340000744
            ],
            [
              67.22117528766456,
              24.98865321453022
            ],
            [
              67.21979386253464,
              24.988314691021184
            ],
            [
              67.22111943107593,
              24.987925455139354
            ],
            [
              67.22032607551951,
              24.987786972131474
            ],
            [
              67.22176539136488,
              24.987289458023348
            ],
            [
              67.22185526393791,
              24.987034795250384
            ],
            [
              67.2206948550628,
              24.98700193794288
            ],
            [
              67.21988517221793,
              24.987124250131654
            ],
            [
              67.21992713745574,
              24.987031016558372
            ],
            [
              67.22161527648824,
              24.98625628937152
            ],
            [
              67.22041474302914,
              24.9862479189799
            ],
            [
              67.21996462119543,
              24.986471921577596
            ],
            [
              67.22095335236703,
              24.985696772331686
            ],
            [
              67.2190919011675,
              24.986350155372207
            ],
            [
              67.22044907009676,
              24.98578775046478
            ],
            [
              67.21918610867421,
              24.9860466455027
            ],
            [
              67.21938720653426,
              24.985600050672453
            ],
            [
              67.21991919581914,
              24.985011044009457
            ],
            [
              67.2185908242051,
              24.985331734058914
            ],
            [
              67.21942626499235,
              24.984342506343847
            ],
            [
              67.21873375046732,
              24.984809539753762
            ],
            [
              67.21869452525243,
              24.984529698386915
            ],
            [
              67.22024951354358,
              24.98318514185772
            ],
            [
              67.21890584875203,
              24.983740150498434
            ],
            [
              67.21975767310043,
              24.982518032482385
            ],
            [
              67.21838544838768,
              24.983225518512388
            ],
            [
              67.19158054742074,
              24.95854189009176
            ]
          ]
        ]
      }
    },
    {
      "type": "Feature",
      "properties": {
        "city_name": "Multan",
        "station_count": 4,
        "area_km2": 104.81,
        "generated_by": "natural_jagged_polygons",
        "style": "jagged_boundaries"
      },
      "geometry": {
        "type": "Polygon",
        "coordinates": [
          [
            [
              71.36968424598288,
              30.13574346041435
            ],
            [
              71.3833325862766,
              30.151980695073718
            ],
            [
              71.3956555040137,
              30.1691483749481
            ],
            [
              71.40786411701866,
              30.18615445854869
            ],
            [
              71.409459050152,
              30.186065213313157
            ],
            [
              71.40883480991408,
              30.187300174799972
            ],
            [
              71.4087489843684,
              30.18829803048529
            ],
            [
              71.4101734932076,
              30.187518822499015
            ],
            [
              71.4102055211622,
              30.188545713078476
            ],
            [
              71.41112896464448,
              30.18824504765438
            ],
            [
              71.41125638042757,
              30.18938418704028
            ],
            [
              71.41245600676561,
              30.18860186466867
            ],
            [
              71.41248935924813,
              30.190165906064966
            ],
            [
              71.426799054146,
              30.197496427177523
            ],
            [
              71.4408091434781,
              30.205436084208465
            ],
            [
              71.4539217814372,
              30.21546345628603
            ],
            [
              71.46875840920337,
              30.22199115262434
            ],
            [
              71.469262600213,
              30.221635354546127
            ],
            [
              71.46923696907463,
              30.22269287600502
            ],
            [
              71.4699464010041,
              30.22258948442407
            ],
            [
              71.46976372342027,
              30.22405446698154
            ],
            [
              71.47082858528732,
              30.22200503660071
            ],
            [
              71.47147863002347,
              30.221291431995866
            ],
            [
              71.47091787663797,
              30.222886585452123
            ],
            [
              71.47182038877165,
              30.222066291753613
            ],
            [
              71.47225810264948,
              30.222384444248167
            ],
            [
              71.47246924094841,
              30.223443235423645
            ],
            [
              71.50297411418484,
              30.228945217253077
            ],
            [
              71.53252199888973,
              30.237769165982574
            ],
            [
              71.5332921845709,
              30.239423368600914
            ],
            [
              71.53411479953009,
              30.238177777406367
            ],
            [
              71.53493415171864,
              30.237379309057165
            ],
            [
              71.5356995576075,
              30.238431864464307
            ],
            [
              71.53590473836677,
              30.23687513086973
            ],
            [
              71.53630632915895,
              30.237709082357632
            ],
            [
              71.53654870566253,
              30.239876061695977
            ],
            [
              71.53689279025873,
              30.23827106485962
            ],
            [
              71.53755444113264,
              30.237036279535282
            ],
            [
              71.53845004391705,
              30.238233666496694
            ],
            [
              71.53839596609909,
              30.236233529508453
            ],
            [
              71.53943849549918,
              30.23827649090556
            ],
            [
              71.53980143641427,
              30.237931398141246
            ],
            [
              71.5405651906361,
              30.23899647709185
            ],
            [
              71.54033239504031,
              30.237032427153117
            ],
            [
              71.54100515031797,
              30.237416774228006
            ],
            [
              71.54121639765292,
              30.23672201203199
            ],
            [
              71.54239141575349,
              30.237993922581403
            ],
            [
              71.54236691471367,
              30.2369166208119
            ],
            [
              71.54241020632327,
              30.236129678879596
            ],
            [
              71.54348400597507,
              30.236811627385354
            ],
            [
              71.54365889976638,
              30.23628518074794
            ],
            [
              71.54447945340438,
              30.236426013201655
            ],
            [
              71.5446778701975,
              30.235394691537497
            ],
            [
              71.54548761562414,
              30.235638430280055
            ],
            [
              71.54501501249771,
              30.234151841380207
            ],
            [
              71.54590483242757,
              30.23459700139006
            ],
            [
              71.54532939158508,
              30.23330914891541
            ],
            [
              71.54692721505647,
              30.23432335178267
            ],
            [
              71.54709582130374,
              30.233736976936683
            ],
            [
              71.54805827396132,
              30.23409187259796
            ],
            [
              71.54683318460069,
              30.232746038619798
            ],
            [
              71.54611814875979,
              30.231656368512365
            ],
            [
              71.54790415395051,
              30.23258793322242
            ],
            [
              71.54890928824281,
              30.23278426296311
            ],
            [
              71.54897995718227,
              30.23223910969397
            ],
            [
              71.54859774119443,
              30.23135360068784
            ],
            [
              71.54821560665495,
              30.230571639517624
            ],
            [
              71.54956883171619,
              30.23099528256248
            ],
            [
              71.54804154345885,
              30.22986254432771
            ],
            [
              71.54937803289987,
              30.23019123400165
            ],
            [
              71.5484910781805,
              30.229330381755375
            ],
            [
              71.54850785740156,
              30.22871247675109
            ],
            [
              71.54979511760264,
              30.22880202845894
            ],
            [
              71.54887850777921,
              30.228037639133873
            ],
            [
              71.54891004812042,
              30.227871680369127
            ],
            [
              71.55152022830833,
              30.228152191082618
            ],
            [
              71.55028404751907,
              30.22750639514734
            ],
            [
              71.55132079692578,
              30.2272569669685
            ],
            [
              71.5507304972238,
              30.226939069743548
            ],
            [
              71.54879938997156,
              30.226154370200828
            ],
            [
              71.55063581100814,
              30.226173491773913
            ],
            [
              71.54940217035215,
              30.225467632580596
            ],
            [
              71.55145537907366,
              30.225494173697676
            ],
            [
              71.5494374326868,
              30.224772200409063
            ],
            [
              71.5508207940489,
              30.224797499661726
            ],
            [
              71.5490754540125,
              30.224037190628565
            ],
            [
              71.55050536956618,
              30.223159095478263
            ],
            [
              71.5494508659133,
              30.22296456840921
            ],
            [
              71.55129064574639,
              30.22211704859626
            ],
            [
              71.55062195506831,
              30.221924357349582
            ],
            [
              71.55120462982785,
              30.221100468006163
            ],
            [
              71.5509387843228,
              30.22083860171147
            ],
            [
              71.5504093926488,
              30.220572904464447
            ],
            [
              71.54893956140624,
              30.22015973122285
            ],
            [
              71.54982807166348,
              30.219088365579506
            ],
            [
              71.55066244408192,
              30.21803900560018
            ],
            [
              71.54934577779669,
              30.217808366133823
            ],
            [
              71.54773552276956,
              30.218158413595464
            ],
            [
              71.54937203329789,
              30.21700404765365
            ],
            [
              71.5494282493736,
              30.216625640653373
            ],
            [
              71.54853477211898,
              30.2164423875066
            ],
            [
              71.54707942976853,
              30.217039048623636
            ],
            [
              71.5475630698871,
              30.215987123855164
            ],
            [
              71.54783793440605,
              30.215307983314403
            ],
            [
              71.54825921272811,
              30.21466413903075
            ],
            [
              71.54722785206927,
              30.2149870557177
            ],
            [
              71.5481864200721,
              30.213964210786393
            ],
            [
              71.54724299550897,
              30.21440267089428
            ],
            [
              71.54567869654514,
              30.215055574704195
            ],
            [
              71.54608342124745,
              30.21424851532298
            ],
            [
              71.54666603032452,
              30.21293332384068
            ],
            [
              71.54628082318635,
              30.213402673732336
            ],
            [
              71.54626052529233,
              30.211798647490152
            ],
            [
              71.54495885690748,
              30.212316282238422
            ],
            [
              71.5436512831525,
              30.213536541137817
            ],
            [
              71.54374455747717,
              30.2126013449411
            ],
            [
              71.54375890666255,
              30.211482283803832
            ],
            [
              71.46603686114196,
              30.16385388368768
            ],
            [
              71.38934276460981,
              30.11497998436692
            ],
            [
              71.38946124975847,
              30.11325306267435
            ],
            [
              71.38800846452105,
              30.115486666763314
            ],
            [
              71.38875878153937,
              30.113212605445316
            ],
            [
              71.38801547701613,
              30.114229023599567
            ],
            [
              71.38784814797717,
              30.11302963751065
            ],
            [
              71.38699821868131,
              30.11432392933534
            ],
            [
              71.38669302892393,
              30.114391477087803
            ],
            [
              71.38653159536192,
              30.113540485992072
            ],
            [
              71.38621527651266,
              30.11261297286097
            ],
            [
              71.38532749341749,
              30.113216390601185
            ],
            [
              71.38500701797781,
              30.112351474908042
            ],
            [
              71.38435026302784,
              30.113839607677573
            ],
            [
              71.38445882606642,
              30.11133282192013
            ],
            [
              71.3837240968235,
              30.11277628533719
            ],
            [
              71.38350642167906,
              30.1113580878973
            ],
            [
              71.38273229361401,
              30.113570750601895
            ],
            [
              71.3825271419763,
              30.11277747832173
            ],
            [
              71.38195426942292,
              30.114158084416246
            ],
            [
              71.38133219542891,
              30.11179839683657
            ],
            [
              71.38071534616886,
              30.112496822925745
            ],
            [
              71.38041167153875,
              30.11168584189169
            ],
            [
              71.38010439719517,
              30.113589765922722
            ],
            [
              71.37951435014547,
              30.112782558650423
            ],
            [
              71.37879527470783,
              30.111262540474016
            ],
            [
              71.37888211969047,
              30.113643106566233
            ],
            [
              71.37818365750586,
              30.11224153923863
            ],
            [
              71.37824652857725,
              30.11314927390838
            ],
            [
              71.37782624612731,
              30.11446706160616
            ],
            [
              71.37690768714482,
              30.1135817028477
            ],
            [
              71.37565413402508,
              30.112970930276713
            ],
            [
              71.37522655074746,
              30.113876488311703
            ],
            [
              71.3742081961243,
              30.112692863442852
            ],
            [
              71.37517347808871,
              30.11502214771163
            ],
            [
              71.37477755653691,
              30.11512137211842
            ],
            [
              71.37401825008976,
              30.11458975481867
            ],
            [
              71.37382668753492,
              30.115594670890676
            ],
            [
              71.37286599633151,
              30.115414423040267
            ],
            [
              71.37328648984905,
              30.116611482976634
            ],
            [
              71.37182249930127,
              30.115405655170342
            ],
            [
              71.37180540646052,
              30.1163593882422
            ],
            [
              71.37062070706102,
              30.11607043979957
            ],
            [
              71.37085938152467,
              30.117424092701224
            ],
            [
              71.36910834745075,
              30.116671936514464
            ],
            [
              71.36940093400378,
              30.11758269259469
            ],
            [
              71.36980115944515,
              30.11843282575399
            ],
            [
              71.3705589881839,
              30.119324129828364
            ],
            [
              71.36854781369291,
              30.11843076497031
            ],
            [
              71.36987339759283,
              30.119599707847424
            ],
            [
              71.36912574729598,
              30.119714893294017
            ],
            [
              71.36776265850726,
              30.119760507014558
            ],
            [
              71.36823135140683,
              30.12083178792604
            ],
            [
              71.3688520096463,
              30.12158203830655
            ],
            [
              71.36724124718474,
              30.121511460157368
            ],
            [
              71.36773209304604,
              30.122196259545248
            ],
            [
              71.36706887234295,
              30.12261995070741
            ],
            [
              71.3668075452717,
              30.122935555785265
            ],
            [
              71.36721417967567,
              30.123501803668226
            ],
            [
              71.36887646788352,
              30.124260368915152
            ],
            [
              71.3663953414029,
              30.124258614889015
            ],
            [
              71.36888646507772,
              30.124985088243356
            ],
            [
              71.3670953655239,
              30.12502444948168
            ],
            [
              71.36624445314563,
              30.125396513514477
            ],
            [
              71.36604818134647,
              30.125722442598125
            ],
            [
              71.36518528151197,
              30.125953937174945
            ],
            [
              71.36685471613303,
              30.126383756240706
            ],
            [
              71.3687306675081,
              30.126713252654508
            ],
            [
              71.366568031083,
              30.12720051292037
            ],
            [
              71.36603332904517,
              30.127508175358745
            ],
            [
              71.36700146597441,
              30.127921168796128
            ],
            [
              71.36564944633176,
              30.12871298704906
            ],
            [
              71.3671182537269,
              30.12933042994259
            ],
            [
              71.36835123513625,
              30.129315009218903
            ],
            [
              71.36775798512014,
              30.129859503304193
            ],
            [
              71.36660349941337,
              30.130551553841222
            ],
            [
              71.36720367796842,
              30.130597508060458
            ],
            [
              71.36592575439256,
              30.131661859267155
            ],
            [
              71.36653377270098,
              30.131821151069587
            ],
            [
              71.36705223230962,
              30.13209693181489
            ],
            [
              71.36797450724036,
              30.132212272460382
            ],
            [
              71.36732172603759,
              30.133040954894085
            ],
            [
              71.36853370820225,
              30.133536229771327
            ],
            [
              71.36710433637509,
              30.134612021825983
            ],
            [
              71.36849608425275,
              30.13455039256931
            ],
            [
              71.3689642291567,
              30.134618276321085
            ],
            [
              71.369857934062,
              30.13458410118171
            ],
            [
              71.37020932254782,
              30.13478313716761
            ],
            [
              71.37022887619311,
              30.13522822354377
            ],
            [
              71.36968424598288,
              30.13574346041435
            ]
          ]
        ]
      }
    },
    {
      "type": "Feature",
      "properties": {
        "city_name": "Abbottabad",
        "station_count": 2,
        "area_km2": 27.58,
        "generated_by": "natural_jagged_polygons",
        "style": "jagged_boundaries"
      },
      "geometry": {
        "type": "Polygon",
        "coordinates": [
          [
            [
              73.20864129001465,
              34.13928374508256
            ],
            [
              73.20720034493715,
              34.139107355383366
            ],
            [
              73.20924423601812,
              34.14002430448626
            ],
            [
              73.20824261827632,
              34.13991741376209
            ],
            [
              73.20751838241372,
              34.14019825323232
            ],
            [
              73.20832712298528,
              34.14085628774175
            ],
            [
              73.20941426249472,
              34.14111323681933
            ],
            [
              73.2077245169792,
              34.14109887294923
            ],
            [
              73.20749671065431,
              34.14133819698174
            ],
            [
              73.20826582196948,
              34.14165160731001
            ],
            [
              73.20893550128261,
              34.141944167335744
            ],
            [
              73.20804987972528,
              34.14228911499851
            ],
            [
              73.20943888898074,
              34.14246174198243
            ],
            [
              73.20722507665492,
              34.14291320277947
            ],
            [
              73.20706860918622,
              34.142984374428536
            ],
            [
              73.20830495632858,
              34.143199177563545
            ],
            [
              73.20912271648753,
              34.143141672249044
            ],
            [
              73.20903844546322,
              34.14358805121814
            ],
            [
              73.2083292846911,
              34.14388351321233
            ],
            [
              73.2076260134622,
              34.144224864493516
            ],
            [
              73.20918265568787,
              34.14399979934028
            ],
            [
              73.20792480819843,
              34.14468937260054
            ],
            [
              73.20859768398707,
              34.1446680688472
            ],
            [
              73.20908892837696,
              34.14468156593325
            ],
            [
              73.20848322222484,
              34.145327708220464
            ],
            [
              73.20892375708009,
              34.14541662015542
            ],
            [
              73.20841202573148,
              34.14593541553175
            ],
            [
              73.20966093035234,
              34.14543234051536
            ],
            [
              73.2101456383446,
              34.145340760538716
            ],
            [
              73.20943038507626,
              34.14621017313645
            ],
            [
              73.2105508416125,
              34.145460457874314
            ],
            [
              73.21034780985856,
              34.1459428085005
            ],
            [
              73.20964249818128,
              34.14671195195845
            ],
            [
              73.2108192319594,
              34.14625167549883
            ],
            [
              73.21041315670362,
              34.14675519319762
            ],
            [
              73.21024021597329,
              34.147394637857374
            ],
            [
              73.20971746344912,
              34.148103496424724
            ],
            [
              73.21121768136759,
              34.14722311834706
            ],
            [
              73.21073947618677,
              34.147916842053334
            ],
            [
              73.21004220358148,
              34.14906937965175
            ],
            [
              73.21070474461955,
              34.14866327832881
            ],
            [
              73.21148039711798,
              34.14851498394594
            ],
            [
              73.21111604190328,
              34.14886883923256
            ],
            [
              73.2114007591306,
              34.148936609152024
            ],
            [
              73.21095523927387,
              34.149889412587065
            ],
            [
              73.2119952223511,
              34.14886086844228
            ],
            [
              73.21242388898533,
              34.14839497070198
            ],
            [
              73.21210594997021,
              34.14986085807853
            ],
            [
              73.21269616259008,
              34.1492431826122
            ],
            [
              73.2136643279969,
              34.14805228592188
            ],
            [
              73.2133805837947,
              34.1495211260395
            ],
            [
              73.2138703962768,
              34.1489534179278
            ],
            [
              73.21394032757671,
              34.149174132314315
            ],
            [
              73.21428536977719,
              34.14849472634101
            ],
            [
              73.21413423870172,
              34.149756662837994
            ],
            [
              73.21448995234005,
              34.14921899101943
            ],
            [
              73.21482238487478,
              34.14952890253734
            ],
            [
              73.21489950971433,
              34.149912273017904
            ],
            [
              73.21539686942606,
              34.14879952448784
            ],
            [
              73.21544637986344,
              34.15067028401525
            ],
            [
              73.21562636608269,
              34.14995659542799
            ],
            [
              73.21611626357775,
              34.149393329911696
            ],
            [
              73.21664427290975,
              34.15012472880818
            ],
            [
              73.21678050487078,
              34.15087476721993
            ],
            [
              73.21690054062297,
              34.14959418273546
            ],
            [
              73.21733370738241,
              34.14998825007238
            ],
            [
              73.21749368234411,
              34.148741491289385
            ],
            [
              73.21796664342338,
              34.14974350307293
            ],
            [
              73.21803615556094,
              34.14872607234108
            ],
            [
              73.21864925690689,
              34.15026283765918
            ],
            [
              73.21828446310755,
              34.14827594219827
            ],
            [
              73.21877172643985,
              34.1495571635063
            ],
            [
              73.2193079002068,
              34.150233235176096
            ],
            [
              73.21898700172095,
              34.14862596592822
            ],
            [
              73.21960927129274,
              34.14933867369971
            ],
            [
              73.22043090921528,
              34.15036435657548
            ],
            [
              73.22043856272386,
              34.149757898143434
            ],
            [
              73.2202772031462,
              34.14895433165468
            ],
            [
              73.21968990059706,
              34.14775750592621
            ],
            [
              73.221042287759,
              34.149285713815516
            ],
            [
              73.22089133289947,
              34.148493409208925
            ],
            [
              73.22072487102317,
              34.147636337623304
            ],
            [
              73.22137926289587,
              34.1479138070215
            ],
            [
              73.22191342775142,
              34.14808356423029
            ],
            [
              73.22136401993994,
              34.14721611070184
            ],
            [
              73.22223311973357,
              34.147568884919906
            ],
            [
              73.22255843178996,
              34.14750924426952
            ],
            [
              73.22188060427912,
              34.14694693066343
            ],
            [
              73.22308252772508,
              34.14747355615393
            ],
            [
              73.22245219445395,
              34.146767224597134
            ],
            [
              73.22319328584354,
              34.14706711893541
            ],
            [
              73.2230694761813,
              34.1466440328294
            ],
            [
              73.22341623540107,
              34.146850159504915
            ],
            [
              73.22281683676613,
              34.146064268143256
            ],
            [
              73.22386232927123,
              34.1464958466234
            ],
            [
              73.22235637219057,
              34.145381777349435
            ],
            [
              73.22427340946511,
              34.14619289518483
            ],
            [
              73.22322092042317,
              34.145394955233705
            ],
            [
              73.22407141988192,
              34.145647150028886
            ],
            [
              73.2229642700366,
              34.144928836860764
            ],
            [
              73.22260865172963,
              34.14446873520875
            ],
            [
              73.22374376256798,
              34.14482397780025
            ],
            [
              73.23955089063188,
              34.10577442646281
            ],
            [
              73.25183775095624,
              34.06527587490761
            ],
            [
              73.26685525621002,
              34.025932930312194
            ],
            [
              73.26762647829787,
              34.02609902497856
            ],
            [
              73.26624726111,
              34.02537278222516
            ],
            [
              73.26589809760648,
              34.02507808335199
            ],
            [
              73.26742180225867,
              34.02541677364987
            ],
            [
              73.26788394582074,
              34.025172996275
            ],
            [
              73.26800424069157,
              34.02507353681936
            ],
            [
              73.26652312490033,
              34.024647614340985
            ],
            [
              73.26729506426052,
              34.02444833636778
            ],
            [
              73.26881813526606,
              34.02435694535624
            ],
            [
              73.26821456165217,
              34.02412388947419
            ],
            [
              73.26745563938076,
              34.023722508672634
            ],
            [
              73.26835475019026,
              34.02348041959717
            ],
            [
              73.26689108388626,
              34.02327170409526
            ],
            [
              73.26735012121384,
              34.022859978696346
            ],
            [
              73.2686956832945,
              34.022665167428
            ],
            [
              73.26809399560288,
              34.02251404932207
            ],
            [
              73.26860332311098,
              34.02232975038055
            ],
            [
              73.26727402320316,
              34.02207520114614
            ],
            [
              73.26608136959386,
              34.022019362722475
            ],
            [
              73.26725418855234,
              34.021394011095566
            ],
            [
              73.26827834823737,
              34.020677515200724
            ],
            [
              73.26709956823568,
              34.020689100746196
            ],
            [
              73.26755244087556,
              34.02027731068895
            ],
            [
              73.26744771382154,
              34.019985892934706
            ],
            [
              73.26780116573683,
              34.01976451262394
            ],
            [
              73.26669470343245,
              34.01988539524082
            ],
            [
              73.26783844605143,
              34.01891490538428
            ],
            [
              73.26598771842527,
              34.019696406679344
            ],
            [
              73.2663526003812,
              34.01920700972125
            ],
            [
              73.26678198385665,
              34.018752754728446
            ],
            [
              73.26678748693543,
              34.0184804368079
            ],
            [
              73.26565208437067,
              34.01895605531917
            ],
            [
              73.26581941409063,
              34.018480479669364
            ],
            [
              73.2665793170324,
              34.017572330548234
            ],
            [
              73.26603436110767,
              34.01768443590033
            ],
            [
              73.26528157808964,
              34.01783971102415
            ],
            [
              73.26420583006546,
              34.01866386826746
            ],
            [
              73.26484245513026,
              34.017359602906076
            ],
            [
              73.26438598299599,
              34.01774155981411
            ],
            [
              73.26410798874072,
              34.0176021314617
            ],
            [
              73.26417002061082,
              34.0168094015017
            ],
            [
              73.26473415434499,
              34.01562811876511
            ],
            [
              73.26374017941727,
              34.01652300583307
            ],
            [
              73.26281592909335,
              34.01749565546565
            ],
            [
              73.26288240395718,
              34.01700222892432
            ],
            [
              73.26312614755507,
              34.01625427615791
            ],
            [
              73.26221182223662,
              34.017303347101915
            ],
            [
              73.26223054499233,
              34.01626290606016
            ],
            [
              73.26234833897833,
              34.015858212939094
            ],
            [
              73.26238906065855,
              34.01473716100065
            ],
            [
              73.26159687521994,
              34.016378662077386
            ],
            [
              73.2620256057403,
              34.01471940748449
            ],
            [
              73.26143829225803,
              34.01551320187131
            ],
            [
              73.2610409225187,
              34.01667498163918
            ],
            [
              73.26125004572683,
              34.015188815365235
            ],
            [
              73.26077952005917,
              34.016459964736406
            ],
            [
              73.260774843302,
              34.01542886713101
            ],
            [
              73.26045661241032,
              34.0164065369864
            ],
            [
              73.2601621135239,
              34.015581427059786
            ],
            [
              73.25999337697944,
              34.01534631775298
            ],
            [
              73.25978544662215,
              34.01416367490262
            ],
            [
              73.25952801284555,
              34.0157146109899
            ],
            [
              73.25940006227276,
              34.014723719533876
            ],
            [
              73.25918585920053,
              34.01532545670649
            ],
            [
              73.25863406946823,
              34.01455823310246
            ],
            [
              73.25845221479763,
              34.01543098849112
            ],
            [
              73.2580248868436,
              34.01494183182487
            ],
            [
              73.25800468269458,
              34.01514173284909
            ],
            [
              73.2578268431755,
              34.01602218951152
            ],
            [
              73.25770785420018,
              34.01559773830104
            ],
            [
              73.25786029322808,
              34.01699228511811
            ],
            [
              73.25732569071064,
              34.01652136257729
            ],
            [
              73.25674960464666,
              34.01567686129173
            ],
            [
              73.2567445872001,
              34.01660531131901
            ],
            [
              73.2560952067966,
              34.016023554000306
            ],
            [
              73.25547410043492,
              34.015444822322785
            ],
            [
              73.25593893476203,
              34.016636572884146
            ],
            [
              73.2552862874664,
              34.01630920481161
            ],
            [
              73.25567741418291,
              34.01717181805859
            ],
            [
              73.25478149240163,
              34.01593571585241
            ],
            [
              73.25470291651324,
              34.016227367217176
            ],
            [
              73.25483871584751,
              34.016886717951444
            ],
            [
              73.25390165984528,
              34.0160905285792
            ],
            [
              73.2548149764932,
              34.017676746263156
            ],
            [
              73.25419517319366,
              34.01735739127865
            ],
            [
              73.25287472093788,
              34.016510821375235
            ],
            [
              73.25432340174156,
              34.01833884166932
            ],
            [
              73.2534179527378,
              34.01775595884753
            ],
            [
              73.25235948783302,
              34.017316516342376
            ],
            [
              73.25293651690954,
              34.01837396639478
            ],
            [
              73.25190468565393,
              34.01782639067919
            ],
            [
              73.25342570147197,
              34.019245303711116
            ],
            [
              73.25166290953374,
              34.0182393780312
            ],
            [
              73.25261633576244,
              34.019108045664225
            ],
            [
              73.25165775889292,
              34.0190250705075
            ],
            [
              73.25211866756688,
              34.01971184939681
            ],
            [
              73.25113874829604,
              34.019562737944526
            ],
            [
              73.25267645645906,
              34.020425460281096
            ],
            [
              73.2512957624335,
              34.01998120779341
            ],
            [
              73.25184173561199,
              34.02045496396321
            ],
            [
              73.24042580998857,
              34.05008329322739
            ],
            [
              73.23092393731127,
              34.08016865465861
            ],
            [
              73.2200596531315,
              34.1097508631913
            ],
            [
              73.20864129001465,
              34.13928374508256
            ]
          ]
        ]
      }
    },
    {
      "type": "Feature",
      "properties": {
        "city_name": "Hyderabad",
        "station_count": 2,
        "area_km2": 9.61,
        "generated_by": "natural_jagged_polygons",
        "style": "jagged_boundaries"
      },
      "geometry": {
        "type": "Polygon",
        "coordinates": [
          [
            [
              68.35031978868908,
              25.378186810107405
            ],
            [
              68.35045899872303,
              25.379580980320846
            ],
            [
              68.34972251065193,
              25.37856449234083
            ],
            [
              68.34890655049803,
              25.377543475343998
            ],
            [
              68.34883103092427,
              25.377863598916747
            ],
            [
              68.3485842139228,
              25.37764826847133
            ],
            [
              68.34872323505171,
              25.37870928115543
            ],
            [
              68.34818382521489,
              25.37823554902735
            ],
            [
              68.34898356025353,
              25.379796116289604
            ],
            [
              68.34835003623593,
              25.379332697699834
            ],
            [
              68.34734399929289,
              25.37875327805098
            ],
            [
              68.34774851415803,
              25.3798281422233
            ],
            [
              68.34649873072414,
              25.379120292395005
            ],
            [
              68.34776140504201,
              25.380780993015627
            ],
            [
              68.34701457746667,
              25.380253924287796
            ],
            [
              68.3461581373674,
              25.37977801643427
            ],
            [
              68.34616671669059,
              25.380376174502885
            ],
            [
              68.34649066115533,
              25.38084070012663
            ],
            [
              68.34716184307867,
              25.381566149677614
            ],
            [
              68.34562507594465,
              25.38073060604393
            ],
            [
              68.34648278267346,
              25.381530911753142
            ],
            [
              68.34607558021288,
              25.381508457339585
            ],
            [
              68.34498200780014,
              25.38114418190758
            ],
            [
              68.34519812078972,
              25.381725421868257
            ],
            [
              68.34575226234415,
              25.382236016233577
            ],
            [
              68.34653590826784,
              25.3829313555973
            ],
            [
              68.345058895956,
              25.382499994024727
            ],
            [
              68.34534769312387,
              25.382893080311582
            ],
            [
              68.34620907394687,
              25.383633026856593
            ],
            [
              68.34501381540078,
              25.383576954325513
            ],
            [
              68.3455293057919,
              25.384033666432323
            ],
            [
              68.34526590274302,
              25.38427217936553
            ],
            [
              68.34473365544714,
              25.384266919787887
            ],
            [
              68.34362818080837,
              25.384460202096573
            ],
            [
              68.34441918995006,
              25.38490589012129
            ],
            [
              68.34485257794037,
              25.385196198562845
            ],
            [
              68.34353944299129,
              25.38524713436334
            ],
            [
              68.34518937344619,
              25.38548316789062
            ],
            [
              68.34611460711372,
              25.38583932314191
            ],
            [
              68.34474811505778,
              25.385920915413948
            ],
            [
              68.34565747108526,
              25.38616405538465
            ],
            [
              68.3453259546512,
              25.386389274258676
            ],
            [
              68.34544022569587,
              25.386550595164717
            ],
            [
              68.34480777493893,
              25.386704642395177
            ],
            [
              68.34624503897969,
              25.3868027317979
            ],
            [
              68.34530487194212,
              25.38719905569505
            ],
            [
              68.34496099494547,
              25.387490840130514
            ],
            [
              68.34648896958569,
              25.38737145178174
            ],
            [
              68.34550792676292,
              25.38769445331008
            ],
            [
              68.34445631288558,
              25.388230089281162
            ],
            [
              68.34520524186283,
              25.388271196770496
            ],
            [
              68.3465956655643,
              25.38789816720055
            ],
            [
              68.34475401350744,
              25.388877827479195
            ],
            [
              68.3458344452873,
              25.38860488311014
            ],
            [
              68.34564809340196,
              25.38911514801368
            ],
            [
              68.34678920157216,
              25.38877490962154
            ],
            [
              68.3458888946289,
              25.38973709312616
            ],
            [
              68.34514508676595,
              25.39064798788795
            ],
            [
              68.34637779883138,
              25.39044777307114
            ],
            [
              68.3457847155783,
              25.390961784917813
            ],
            [
              68.34705236752129,
              25.3904166817597
            ],
            [
              68.34673324,
              25.390976543295995
            ],
            [
              68.34774872251077,
              25.390256038877283
            ],
            [
              68.34755969447792,
              25.390645241609562
            ],
            [
              68.34625933938807,
              25.392232159996734
            ],
            [
              68.34711037457792,
              25.391429317129525
            ],
            [
              68.34809989383366,
              25.390800143153246
            ],
            [
              68.34726842710444,
              25.392258450016566
            ],
            [
              68.34803474911675,
              25.392172159106845
            ],
            [
              68.34740043622516,
              25.393192684930877
            ],
            [
              68.34868707874344,
              25.391905057870105
            ],
            [
              68.34844879813807,
              25.392463850981237
            ],
            [
              68.34893733415905,
              25.391985060502243
            ],
            [
              68.34911825172368,
              25.392171315399203
            ],
            [
              68.34929409348268,
              25.392120945974764
            ],
            [
              68.34922037815812,
              25.392911874424744
            ],
            [
              68.34906214160624,
              25.394327695518573
            ],
            [
              68.34975629314295,
              25.393101879019092
            ],
            [
              68.35075404982835,
              25.392099529641094
            ],
            [
              68.35054690722534,
              25.393378902617112
            ],
            [
              68.35090019697735,
              25.39302915216838
            ],
            [
              68.35117253121511,
              25.392759010200148
            ],
            [
              68.35092589736855,
              25.394841983557114
            ],
            [
              68.35134169419341,
              25.393570238813854
            ],
            [
              68.35174701329278,
              25.39295775299445
            ],
            [
              68.35194843435336,
              25.392905366043948
            ],
            [
              68.35211029280056,
              25.393161076156634
            ],
            [
              68.35232365095163,
              25.39380750073336
            ],
            [
              68.35259816323787,
              25.392296591342124
            ],
            [
              68.35279748520426,
              25.393608318552907
            ],
            [
              68.35338961920303,
              25.392804784055798
            ],
            [
              68.35395683063663,
              25.39381334838351
            ],
            [
              68.35407596329729,
              25.39492506342661
            ],
            [
              68.35430803584838,
              25.3944205134859
            ],
            [
              68.35411197526935,
              25.392397380015097
            ],
            [
              68.35472794107693,
              25.393676808946736
            ],
            [
              68.35493569941706,
              25.39426309594279
            ],
            [
              68.35477128944306,
              25.392832756378056
            ],
            [
              68.35532060950628,
              25.394488768705457
            ],
            [
              68.35549651473505,
              25.393475202289494
            ],
            [
              68.36398518552858,
              25.39183459201745
            ],
            [
              68.3714958585306,
              25.387146134093783
            ],
            [
              68.3804641606601,
              25.386393751699803
            ],
            [
              68.3884850196485,
              25.382511855728907
            ],
            [
              68.38881876199926,
              25.383305428710308
            ],
            [
              68.38881911852704,
              25.3827285019418
            ],
            [
              68.38917800412436,
              25.38307588326483
            ],
            [
              68.3889707879747,
              25.38205611669782
            ],
            [
              68.38956924042597,
              25.382923277388688
            ],
            [
              68.38894300134619,
              25.381183245300228
            ],
            [
              68.38913508269087,
              25.38119857707368
            ],
            [
              68.38988212804747,
              25.381849773014
            ],
            [
              68.38934740962763,
              25.380717470496986
            ],
            [
              68.38974187060929,
              25.380804629690036
            ],
            [
              68.39026748586872,
              25.381234867773422
            ],
            [
              68.39151943681581,
              25.382110228215556
            ],
            [
              68.39107450000014,
              25.380883267687423
            ],
            [
              68.39206874685134,
              25.381195401780865
            ],
            [
              68.39158404498939,
              25.380300411431442
            ],
            [
              68.39270286355395,
              25.38094615750557
            ],
            [
              68.39218853577118,
              25.38019952407119
            ],
            [
              68.39148914234605,
              25.379597071128686
            ],
            [
              68.39218205885763,
              25.37976550388244
            ],
            [
              68.39100560269611,
              25.378790652103113
            ],
            [
              68.3919539074942,
              25.379228349442343
            ],
            [
              68.3936332070279,
              25.380014659657707
            ],
            [
              68.39274750137878,
              25.37920299977458
            ],
            [
              68.39133331109767,
              25.378134183972673
            ],
            [
              68.39302305053366,
              25.378984934233983
            ],
            [
              68.39378701443941,
              25.379066226015663
            ],
            [
              68.39287008946621,
              25.378334930033674
            ],
            [
              68.39198063608751,
              25.37767958688216
            ],
            [
              68.39273999580894,
              25.377799431933077
            ],
            [
              68.39307325292864,
              25.37753688192518
            ],
            [
              68.3921473648849,
              25.377050956560893
            ],
            [
              68.39417654605381,
              25.377635553203593
            ],
            [
              68.39228922145313,
              25.376729904992242
            ],
            [
              68.39365098678076,
              25.377023707201555
            ],
            [
              68.39408353445579,
              25.3769146069396
            ],
            [
              68.3927797012114,
              25.376277378385137
            ],
            [
              68.3941336283592,
              25.376417612436928
            ],
            [
              68.393620109454,
              25.376116015642925
            ],
            [
              68.39326264871741,
              25.375614724418703
            ],
            [
              68.39375710136653,
              25.375365876951992
            ],
            [
              68.39254644296334,
              25.375186301149824
            ],
            [
              68.39400317031146,
              25.374957292017317
            ],
            [
              68.39281738162914,
              25.37470192741438
            ],
            [
              68.39370440398714,
              25.37453114791751
            ],
            [
              68.39311855258498,
              25.374325906978456
            ],
            [
              68.39338814827407,
              25.374180784528875
            ],
            [
              68.3935741930084,
              25.37369803516796
            ],
            [
              68.39491351462337,
              25.373424460704918
            ],
            [
              68.39447798869503,
              25.373169572880183
            ],
            [
              68.39351050793636,
              25.37297451188676
            ],
            [
              68.39292629951613,
              25.373117616604116
            ],
            [
              68.39391455824439,
              25.372451254315102
            ],
            [
              68.3943573033816,
              25.37233147666257
            ],
            [
              68.39332210504705,
              25.372233246066425
            ],
            [
              68.39452617353584,
              25.371452188746915
            ],
            [
              68.39301261179553,
              25.371482645624564
            ],
            [
              68.39196013435698,
              25.371844189734954
            ],
            [
              68.39258588294872,
              25.37130233842725
            ],
            [
              68.3919206847852,
              25.371580921972313
            ],
            [
              68.392857872497,
              25.37092094386197
            ],
            [
              68.3934633517058,
              25.37015654691751
            ],
            [
              68.39220610313038,
              25.3705032719238
            ],
            [
              68.3925282844063,
              25.370321785195234
            ],
            [
              68.3915550904115,
              25.370291143795967
            ],
            [
              68.39178467751202,
              25.36952129896242
            ],
            [
              68.39062547410434,
              25.370287387690894
            ],
            [
              68.39189503120308,
              25.36888447799468
            ],
            [
              68.39193354198534,
              25.368657405551918
            ],
            [
              68.3914952408274,
              25.369129913654202
            ],
            [
              68.39131816318229,
              25.368580195351328
            ],
            [
              68.39137799505998,
              25.368030815592082
            ],
            [
              68.39068142942483,
              25.368464465872268
            ],
            [
              68.39120199103556,
              25.367305763552366
            ],
            [
              68.38974284286734,
              25.36902043513311
            ],
            [
              68.39010382062962,
              25.368058282156138
            ],
            [
              68.38943355893619,
              25.368952540628214
            ],
            [
              68.39011338387463,
              25.367217728999787
            ],
            [
              68.38917459812157,
              25.368596881382544
            ],
            [
              68.38933906001704,
              25.36761503229787
            ],
            [
              68.3896517108925,
              25.366745800328147
            ],
            [
              68.38943307993542,
              25.366864908527706
            ],
            [
              68.38914010811607,
              25.36675638126344
            ],
            [
              68.38870633154269,
              25.36735725826086
            ],
            [
              68.38872362533775,
              25.366411465130025
            ],
            [
              68.38796625967764,
              25.367729711628748
            ],
            [
              68.38801733525631,
              25.367151367120048
            ],
            [
              68.38797995041999,
              25.365559384986376
            ],
            [
              68.38738438238674,
              25.367756820654257
            ],
            [
              68.38748059849704,
              25.366187568113258
            ],
            [
              68.38718680136654,
              25.366935008078112
            ],
            [
              68.38653588467518,
              25.368246740823682
            ],
            [
              68.38646642727944,
              25.3668808540284
            ],
            [
              68.38608630712686,
              25.366327827742943
            ],
            [
              68.38594005094299,
              25.367494807440764
            ],
            [
              68.3854372589547,
              25.366691302358362
            ],
            [
              68.38531322363528,
              25.365845604847845
            ],
            [
              68.38512457131277,
              25.367339503236114
            ],
            [
              68.38485458516428,
              25.36688994267713
            ],
            [
              68.38432512903209,
              25.366322193714467
            ],
            [
              68.38416525561308,
              25.367083728736272
            ],
            [
              68.3840420332612,
              25.367585253946448
            ],
            [
              68.38364326966455,
              25.367668063798355
            ],
            [
              68.38339452162423,
              25.367283823161994
            ],
            [
              68.37448735204609,
              25.368531085462035
            ],
            [
              68.36653343014581,
              25.372061048898658
            ],
            [
              68.35887970767256,
              25.376615663081584
            ],
            [
              68.35031978868908,
              25.378186810107405
            ]
          ]
        ]
      }
    },
    {
      "type": "Feature",
      "properties": {
        "city_name": "Jhelum",
        "station_count": 2,
        "area_km2": 15.91,
        "generated_by": "natural_jagged_polygons",
        "style": "jagged_boundaries"
      },
      "geometry": {
        "type": "Polygon",
        "coordinates": [
          [
            [
              73.73724715746752,
              32.93431945233998
            ],
            [
              73.73684390285398,
              32.93352653471229
            ],
            [
              73.73753870847834,
              32.93356727679972
            ],
            [
              73.73710566069911,
              32.932992193624834
            ],
            [
              73.7382724034672,
              32.93367232900684
            ],
            [
              73.73826323351093,
              32.93342084832048
            ],
            [
              73.73800553266122,
              32.932936249850634
            ],
            [
              73.73907398006084,
              32.93321448426681
            ],
            [
              73.73881564782384,
              32.932703005288694
            ],
            [
              73.73819613176619,
              32.93211954689264
            ],
            [
              73.73922020334997,
              32.93220824782784
            ],
            [
              73.73867802041558,
              32.93152357835882
            ],
            [
              73.73932392041519,
              32.93140054904531
            ],
            [
              73.7379984083378,
              32.93080365027409
            ],
            [
              73.73879818033862,
              32.930700219558176
            ],
            [
              73.73960050609203,
              32.93065296398607
            ],
            [
              73.73955220263967,
              32.930240564945464
            ],
            [
              73.73897259148188,
              32.92994939589269
            ],
            [
              73.74051107062932,
              32.929948944400145
            ],
            [
              73.73843748897036,
              32.92956275411233
            ],
            [
              73.73954069025584,
              32.929370130102164
            ],
            [
              73.73902029650579,
              32.92915284383924
            ],
            [
              73.737696295947,
              32.929052154233545
            ],
            [
              73.73990901242483,
              32.92875968705492
            ],
            [
              73.73770582774907,
              32.928697724958475
            ],
            [
              73.73900033740495,
              32.92835988562359
            ],
            [
              73.73814106086809,
              32.928342923575
            ],
            [
              73.7393562752842,
              32.92776895638071
            ],
            [
              73.73905798676759,
              32.927679714126675
            ],
            [
              73.74033109850646,
              32.92718510345453
            ],
            [
              73.7393256858712,
              32.92705115952128
            ],
            [
              73.73886839580645,
              32.92689187425714
            ],
            [
              73.73999034048401,
              32.92631981228876
            ],
            [
              73.73800336140934,
              32.92655626815645
            ],
            [
              73.73860540691824,
              32.92612436491609
            ],
            [
              73.73949922295508,
              32.92534234637548
            ],
            [
              73.73830091862186,
              32.925405133692536
            ],
            [
              73.7375812247527,
              32.925353369867736
            ],
            [
              73.73787321856766,
              32.92468185585947
            ],
            [
              73.73702398295615,
              32.925084863432154
            ],
            [
              73.73817563110204,
              32.9237477207585
            ],
            [
              73.73748776806632,
              32.924074436605544
            ],
            [
              73.73803928730094,
              32.92326106878719
            ],
            [
              73.73739502323215,
              32.92346415977853
            ],
            [
              73.7364081391095,
              32.92413247106791
            ],
            [
              73.7368641707487,
              32.923389849782495
            ],
            [
              73.73757264460271,
              32.92235921314527
            ],
            [
              73.73638004224792,
              32.92289481537072
            ],
            [
              73.73532999810334,
              32.923945563616165
            ],
            [
              73.7364926320613,
              32.92228473295361
            ],
            [
              73.73645370754625,
              32.92179670393181
            ],
            [
              73.73590488186046,
              32.92249948663428
            ],
            [
              73.73576471475734,
              32.921677911905626
            ],
            [
              73.73513669533337,
              32.92199307158991
            ],
            [
              73.73439443663602,
              32.922866384749945
            ],
            [
              73.73516235883446,
              32.921036410359804
            ],
            [
              73.73453342790914,
              32.92169583032178
            ],
            [
              73.73350719654373,
              32.92270913690933
            ],
            [
              73.73389635427753,
              32.92146745085205
            ],
            [
              73.73315380217208,
              32.92266328351373
            ],
            [
              73.73336994731561,
              32.920487615214746
            ],
            [
              73.73291977334603,
              32.92109184707797
            ],
            [
              73.73283771576658,
              32.92027690800798
            ],
            [
              73.73240566748177,
              32.92174532847716
            ],
            [
              73.73229758222728,
              32.92161685148926
            ],
            [
              73.73237616008888,
              32.92110678524542
            ],
            [
              73.73191057401829,
              32.91954496636315
            ],
            [
              73.73147884818607,
              32.92095779036271
            ],
            [
              73.73118791451333,
              32.91943057639168
            ],
            [
              73.73093524242155,
              32.920557615244014
            ],
            [
              73.73076148989367,
              32.921013804788316
            ],
            [
              73.73025387538739,
              32.91954545487749
            ],
            [
              73.7302548929323,
              32.92186627092466
            ],
            [
              73.73011394329855,
              32.9215206628469
            ],
            [
              73.72999944736604,
              32.92111220659403
            ],
            [
              73.72969484792259,
              32.92162206711068
            ],
            [
              73.72941448553608,
              32.92057289098158
            ],
            [
              73.72944652773704,
              32.92202394911036
            ],
            [
              73.72919310046474,
              32.921247176799476
            ],
            [
              73.7292325818238,
              32.92272285209323
            ],
            [
              73.72845229715949,
              32.92148887325359
            ],
            [
              73.7284687716507,
              32.92229145542289
            ],
            [
              73.72832837979932,
              32.922265336179734
            ],
            [
              73.72820323462659,
              32.92258079997583
            ],
            [
              73.72778644372596,
              32.92183655864178
            ],
            [
              73.72799337900202,
              32.922913118561375
            ],
            [
              73.7268691009437,
              32.92149236401114
            ],
            [
              73.72686844582323,
              32.92205342975227
            ],
            [
              73.72613857540651,
              32.92159117516045
            ],
            [
              73.72628076827766,
              32.922538934801025
            ],
            [
              73.72556523319453,
              32.92215147776573
            ],
            [
              73.72555777119219,
              32.92295848842188
            ],
            [
              73.72502679477728,
              32.92270715365718
            ],
            [
              73.72591842122522,
              32.92375618258338
            ],
            [
              73.72621499653111,
              32.92434028691027
            ],
            [
              73.72499972158275,
              32.923513362995216
            ],
            [
              73.70961312131735,
              32.94021990234048
            ],
            [
              73.69464064133354,
              32.95750476478389
            ],
            [
              73.67980882932851,
              32.97468973841725
            ],
            [
              73.67920380388094,
              32.974341880647316
            ],
            [
              73.68024926730048,
              32.975604909506025
            ],
            [
              73.6800589927944,
              32.97550302134016
            ],
            [
              73.67931149380217,
              32.97529786479663
            ],
            [
              73.67996584563318,
              32.97594257757797
            ],
            [
              73.67947352814477,
              32.975950793618956
            ],
            [
              73.68031850161509,
              32.976552690299734
            ],
            [
              73.67871404345017,
              32.97583745342734
            ],
            [
              73.67813248640046,
              32.97580492747371
            ],
            [
              73.67799878525939,
              32.976153265909886
            ],
            [
              73.67857677426954,
              32.97669148733237
            ],
            [
              73.67905365781202,
              32.9770771654991
            ],
            [
              73.67748610308635,
              32.976720393877855
            ],
            [
              73.67782623683989,
              32.977068846882645
            ],
            [
              73.67828089502207,
              32.97741766244753
            ],
            [
              73.6793036267493,
              32.97791091473303
            ],
            [
              73.67785795749099,
              32.977743066028054
            ],
            [
              73.67897758205393,
              32.97819217286164
            ],
            [
              73.678024984502,
              32.97814599583025
            ],
            [
              73.67919507502971,
              32.978611935183565
            ],
            [
              73.67864828111993,
              32.97872120581949
            ],
            [
              73.6779815432115,
              32.978988498392674
            ],
            [
              73.67680996219343,
              32.97906360337658
            ],
            [
              73.67749460095996,
              32.97925527860454
            ],
            [
              73.67933008813523,
              32.97963648328718
            ],
            [
              73.6777995927238,
              32.979691078621464
            ],
            [
              73.67925983681324,
              32.97986804456798
            ],
            [
              73.67727042433394,
              32.98008474272738
            ],
            [
              73.67910426744095,
              32.98019939751735
            ],
            [
              73.67776017525571,
              32.98044247323886
            ],
            [
              73.67838536796634,
              32.980722441588064
            ],
            [
              73.67792940078775,
              32.98128145716206
            ],
            [
              73.67866142235457,
              32.981442424477144
            ],
            [
              73.67796648699229,
              32.981962543701975
            ],
            [
              73.67687178235789,
              32.98273553775857
            ],
            [
              73.67845448775843,
              32.98288756135757
            ],
            [
              73.67752745263303,
              32.983553377003815
            ],
            [
              73.67880537620631,
              32.983639272687185
            ],
            [
              73.67811228886526,
              32.98412807535958
            ],
            [
              73.67914605317993,
              32.984301634363845
            ],
            [
              73.679894679491,
              32.98395454254464
            ],
            [
              73.67858523381648,
              32.98512235383806
            ],
            [
              73.67926432076001,
              32.984722025572886
            ],
            [
              73.6791442147404,
              32.98561634576172
            ],
            [
              73.68000203788735,
              32.98548649626274
            ],
            [
              73.67945570044138,
              32.98647329988376
            ],
            [
              73.6806118112826,
              32.98606948210064
            ],
            [
              73.68007987758894,
              32.9871161726688
            ],
            [
              73.68128391019613,
              32.986602667805336
            ],
            [
              73.68049278719135,
              32.98790389351456
            ],
            [
              73.68174173880038,
              32.98609341953167
            ],
            [
              73.68092113933953,
              32.987888190918255
            ],
            [
              73.68180016139132,
              32.98693272811737
            ],
            [
              73.68166847349359,
              32.98797984655366
            ],
            [
              73.68242409303235,
              32.98724443433726
            ],
            [
              73.68299471321669,
              32.98685547860712
            ],
            [
              73.68327394848185,
              32.987621761079524
            ],
            [
              73.68307084880314,
              32.98882512242306
            ],
            [
              73.68387907927597,
              32.98708254625762
            ],
            [
              73.68402819256724,
              32.987841729061316
            ],
            [
              73.68431242344145,
              32.98728523480776
            ],
            [
              73.68439322249992,
              32.98700017434658
            ],
            [
              73.68444444342629,
              32.98836305029259
            ],
            [
              73.68462956803752,
              32.98786722444305
            ],
            [
              73.68513074647068,
              32.98705462464314
            ],
            [
              73.6851478605095,
              32.988810686071126
            ],
            [
              73.68556628625171,
              32.988043803743736
            ],
            [
              73.6858838206067,
              32.98752135185957
            ],
            [
              73.68635817566414,
              32.988039961102146
            ],
            [
              73.6868147813693,
              32.98892168951242
            ],
            [
              73.68686135154019,
              32.98776035264033
            ],
            [
              73.68756326265931,
              32.98881458049463
            ],
            [
              73.68770034992863,
              32.987648238475884
            ],
            [
              73.68790145504381,
              32.986865462243856
            ],
            [
              73.68809231921253,
              32.987020769146945
            ],
            [
              73.68851787808869,
              32.98746024942014
            ],
            [
              73.68873080169905,
              32.986875404772235
            ],
            [
              73.6891242412469,
              32.98707092083922
            ],
            [
              73.68994437407196,
              32.98793685139574
            ],
            [
              73.68940977419031,
              32.98645788228576
            ],
            [
              73.68999632745863,
              32.986821911545036
            ],
            [
              73.69096928840922,
              32.98782320444281
            ],
            [
              73.69008945304564,
              32.98585403949351
            ],
            [
              73.69080957516952,
              32.986494305612
            ],
            [
              73.69058225688164,
              32.98589566131817
            ],
            [
              73.69073694355306,
              32.98548956403481
            ],
            [
              73.69113155936962,
              32.98579404297139
            ],
            [
              73.691892952258,
              32.986324913161184
            ],
            [
              73.69216549718011,
              32.986077840845276
            ],
            [
              73.69100270470275,
              32.98491599545225
            ],
            [
              73.69171585683499,
              32.9852575418972
            ],
            [
              73.70621568972413,
              32.967642464562715
            ],
            [
              73.72184368258362,
              32.95099236681495
            ],
            [
              73.73724715746752,
              32.93431945233998
            ]
          ]
        ]
      }
    },
    {
      "type": "Feature",
      "properties": {
        "city_name": "Kahna Nau",
        "station_count": 2,
        "area_km2": 10.93,
        "generated_by": "natural_jagged_polygons",
        "style": "jagged_boundaries"
      },
      "geometry": {
        "type": "Polygon",
        "coordinates": [
          [
            [
              74.35836515461864,
              31.37830152247997
            ],
            [
              74.35747407764276,
              31.378145619102796
            ],
            [
              74.35776285352652,
              31.378049640217952
            ],
            [
              74.35788496879175,
              31.37777424534543
            ],
            [
              74.35844088271966,
              31.37752841907218
            ],
            [
              74.3591661738753,
              31.377453710090986
            ],
            [
              74.35770237801552,
              31.377242234816833
            ],
            [
              74.35767289706224,
              31.377124005376366
            ],
            [
              74.35848498469294,
              31.376784762423814
            ],
            [
              74.35724190657245,
              31.376822369236727
            ],
            [
              74.35808022904519,
              31.37627048109505
            ],
            [
              74.35829320203902,
              31.375935030713595
            ],
            [
              74.35893419727363,
              31.37559096641168
            ],
            [
              74.35880579726269,
              31.375503479693144
            ],
            [
              74.3584132704526,
              31.375369529428426
            ],
            [
              74.35743058788454,
              31.375193432902993
            ],
            [
              74.35819984290082,
              31.37464277115895
            ],
            [
              74.3588071394578,
              31.37382119178665
            ],
            [
              74.35777842895513,
              31.373848172887776
            ],
            [
              74.35650660338771,
              31.374249431069735
            ],
            [
              74.35668291395115,
              31.373901745493335
            ],
            [
              74.35861289660656,
              31.37268282336838
            ],
            [
              74.3572334033729,
              31.373049608448174
            ],
            [
              74.3579507152123,
              31.37210705651299
            ],
            [
              74.35675040084591,
              31.372381038510415
            ],
            [
              74.35632721542751,
              31.37248779950441
            ],
            [
              74.35644007633907,
              31.37192310413907
            ],
            [
              74.35583608066088,
              31.372256121619895
            ],
            [
              74.35642402102663,
              31.371396539501326
            ],
            [
              74.35541076972453,
              31.371974192713118
            ],
            [
              74.35575926919539,
              31.371297911016352
            ],
            [
              74.35518944108875,
              31.371723948670134
            ],
            [
              74.35583539648476,
              31.3705869769358
            ],
            [
              74.35509351129444,
              31.370776762828008
            ],
            [
              74.35558033071477,
              31.369560185610666
            ],
            [
              74.35468752034589,
              31.37053149278398
            ],
            [
              74.35463336071486,
              31.3697721203185
            ],
            [
              74.35382749751379,
              31.37081071466269
            ],
            [
              74.35389652740524,
              31.37011038776738
            ],
            [
              74.3532874778969,
              31.37051036079053
            ],
            [
              74.35330011307816,
              31.369917877287584
            ],
            [
              74.35274256513503,
              31.370213469501287
            ],
            [
              74.35293241737182,
              31.368835438589283
            ],
            [
              74.35232462995761,
              31.369550241483637
            ],
            [
              74.35237981407722,
              31.368552851669016
            ],
            [
              74.35180140694284,
              31.370257335433656
            ],
            [
              74.35171074926676,
              31.370322429992044
            ],
            [
              74.35152079693283,
              31.369389948006766
            ],
            [
              74.35151858777647,
              31.368431609023993
            ],
            [
              74.35122619021729,
              31.370044948678068
            ],
            [
              74.35115506900325,
              31.368699363087376
            ],
            [
              74.35072331886916,
              31.3693174150305
            ],
            [
              74.35056728192201,
              31.37005575779632
            ],
            [
              74.35026831086851,
              31.36875391275457
            ],
            [
              74.35005420075272,
              31.36941336847258
            ],
            [
              74.34987735921423,
              31.370457807653008
            ],
            [
              74.34936639427207,
              31.368689888873558
            ],
            [
              74.34932783549755,
              31.3695424485074
            ],
            [
              74.34927020849106,
              31.370386604064702
            ],
            [
              74.34859549505491,
              31.36869252096462
            ],
            [
              74.34839523115869,
              31.368563912397907
            ],
            [
              74.34833167322495,
              31.36954973040249
            ],
            [
              74.34820706841518,
              31.370199401919123
            ],
            [
              74.3475598053797,
              31.36977429252949
            ],
            [
              74.34761670052646,
              31.370770842391178
            ],
            [
              74.34697298471546,
              31.37018129570338
            ],
            [
              74.34757086420757,
              31.37163510491742
            ],
            [
              74.3462538472739,
              31.36981914641137
            ],
            [
              74.3462416986009,
              31.370532205436554
            ],
            [
              74.3453760330403,
              31.36991339304247
            ],
            [
              74.34586023373666,
              31.371164713087374
            ],
            [
              74.34461923116315,
              31.370187307923395
            ],
            [
              74.34568422990188,
              31.37182193847343
            ],
            [
              74.34500952358658,
              31.371496809085453
            ],
            [
              74.34408877140962,
              31.37108004613362
            ],
            [
              74.34507543780244,
              31.372241359610886
            ],
            [
              74.3444845970931,
              31.372076080461838
            ],
            [
              74.34480489026323,
              31.37253088984763
            ],
            [
              74.3440279486701,
              31.37230150311091
            ],
            [
              74.34425192959147,
              31.372869942520847
            ],
            [
              74.3449105562818,
              31.373648028129733
            ],
            [
              74.34440778330483,
              31.373673887564394
            ],
            [
              74.34378170475047,
              31.37349831000435
            ],
            [
              74.34482674431172,
              31.37421761982888
            ],
            [
              74.34417605414183,
              31.374037262580373
            ],
            [
              74.34276223208701,
              31.373490225828856
            ],
            [
              74.34319803561604,
              31.37403884055655
            ],
            [
              74.34279133998545,
              31.374272323395747
            ],
            [
              74.34294185948322,
              31.374791049942306
            ],
            [
              74.34231213270735,
              31.37485474377126
            ],
            [
              74.34331585836652,
              31.375436913482673
            ],
            [
              74.34174403969048,
              31.375192300165402
            ],
            [
              74.34270678733164,
              31.375531494678427
            ],
            [
              74.34383931261493,
              31.37626057610177
            ],
            [
              74.34266037452322,
              31.37636874791934
            ],
            [
              74.34032001468512,
              31.390001037539623
            ],
            [
              74.33861226134947,
              31.40355862398914
            ],
            [
              74.33724229355217,
              31.417288791239606
            ],
            [
              74.33668734844433,
              31.41744377318546
            ],
            [
              74.33784422874008,
              31.41778876585554
            ],
            [
              74.33596439429695,
              31.41784910840603
            ],
            [
              74.33747935057866,
              31.41828084423665
            ],
            [
              74.33773489814088,
              31.418434207572524
            ],
            [
              74.33740210461215,
              31.419001300089764
            ],
            [
              74.33790191154229,
              31.41920855991053
            ],
            [
              74.33807460735972,
              31.419369118895865
            ],
            [
              74.33754301504176,
              31.41981542124296
            ],
            [
              74.33666020857142,
              31.420154881804088
            ],
            [
              74.3370510588,
              31.420390085219744
            ],
            [
              74.33766600240867,
              31.420551061574464
            ],
            [
              74.33806501725859,
              31.42048731480917
            ],
            [
              74.3381431263896,
              31.42084684150688
            ],
            [
              74.33800250132349,
              31.421363969798076
            ],
            [
              74.33874799351695,
              31.421159060349016
            ],
            [
              74.33811167919553,
              31.42194000281769
            ],
            [
              74.33709418569651,
              31.42271532891174
            ],
            [
              74.33869722086813,
              31.422255917318168
            ],
            [
              74.33840529293573,
              31.42256257896788
            ],
            [
              74.3394447703777,
              31.4223539232984
            ],
            [
              74.33893072422774,
              31.423260849041146
            ],
            [
              74.33825360479575,
              31.424256692694858
            ],
            [
              74.33962895580349,
              31.423242665791626
            ],
            [
              74.34013551102797,
              31.423158495293862
            ],
            [
              74.33936388260689,
              31.423804767123105
            ],
            [
              74.34048061703872,
              31.423026790522044
            ],
            [
              74.3402482779841,
              31.423495804788026
            ],
            [
              74.33912299184838,
              31.42502047504976
            ],
            [
              74.34009704108848,
              31.424466606182367
            ],
            [
              74.33969291306276,
              31.42515804903929
            ],
            [
              74.34086716787762,
              31.424246143138177
            ],
            [
              74.3408354278593,
              31.425038594579625
            ],
            [
              74.34160814408762,
              31.424023615527275
            ],
            [
              74.34139119590155,
              31.425388708589242
            ],
            [
              74.34120550657279,
              31.426228600432157
            ],
            [
              74.34187874885139,
              31.42559740561227
            ],
            [
              74.34256641333035,
              31.424702160298715
            ],
            [
              74.34252795316306,
              31.425396496767007
            ],
            [
              74.34218117261958,
              31.42672032624086
            ],
            [
              74.34259806113768,
              31.42587594466351
            ],
            [
              74.34263455701084,
              31.427044619399638
            ],
            [
              74.34302792865137,
              31.426824116747873
            ],
            [
              74.34358048526062,
              31.42624843916912
            ],
            [
              74.34405895778855,
              31.425499307580463
            ],
            [
              74.34413549996707,
              31.426234559823165
            ],
            [
              74.34443345141747,
              31.427241171491183
            ],
            [
              74.34448211833545,
              31.42730462248372
            ],
            [
              74.34497661267018,
              31.425004012135563
            ],
            [
              74.34516845070583,
              31.42647192367199
            ],
            [
              74.34530276611439,
              31.42707422511407
            ],
            [
              74.34544081375942,
              31.425415881605772
            ],
            [
              74.34554505106112,
              31.42536422113684
            ],
            [
              74.34570367435408,
              31.426282244102193
            ],
            [
              74.34626580756846,
              31.427566603395523
            ],
            [
              74.34609362541114,
              31.425441626568258
            ],
            [
              74.34641457819426,
              31.42556456620211
            ],
            [
              74.34671717412351,
              31.426354158227355
            ],
            [
              74.34688635383391,
              31.425548260120415
            ],
            [
              74.34741248830186,
              31.426136282666278
            ],
            [
              74.34720499137799,
              31.42467525402093
            ],
            [
              74.34817920282804,
              31.42686243231658
            ],
            [
              74.34818456804621,
              31.425911868868656
            ],
            [
              74.34868865813107,
              31.426409491969657
            ],
            [
              74.34891192435829,
              31.426452402984165
            ],
            [
              74.3489818614629,
              31.425652196621492
            ],
            [
              74.34899823014116,
              31.424961689221817
            ],
            [
              74.3494664673345,
              31.425128610718225
            ],
            [
              74.34933385622882,
              31.42447211328728
            ],
            [
              74.35017798741416,
              31.42556447609437
            ],
            [
              74.35034984181797,
              31.425217568299676
            ],
            [
              74.3502799543866,
              31.424798518598916
            ],
            [
              74.34996273462063,
              31.423908487572074
            ],
            [
              74.35075037588201,
              31.424200220542573
            ],
            [
              74.35168925720478,
              31.424733154630438
            ],
            [
              74.35080271492619,
              31.42371328313417
            ],
            [
              74.35197005982201,
              31.424555883071143
            ],
            [
              74.351267595305,
              31.423615554216845
            ],
            [
              74.35062544901241,
              31.42273949731337
            ],
            [
              74.35097912110702,
              31.422783315097472
            ],
            [
              74.35198130853952,
              31.423158424170854
            ],
            [
              74.35281183867878,
              31.42313197874814
            ],
            [
              74.35203195541587,
              31.422236352112098
            ],
            [
              74.35360023678368,
              31.422523901075863
            ],
            [
              74.3523835489291,
              31.42153336862505
            ],
            [
              74.35147302356157,
              31.420985665927997
            ],
            [
              74.3523195515721,
              31.421067863568137
            ],
            [
              74.35178037742185,
              31.42066603236292
            ],
            [
              74.35266572287827,
              31.420799357710738
            ],
            [
              74.35420762893311,
              31.42092908179352
            ],
            [
              74.35300834790317,
              31.42013419998595
            ],
            [
              74.35197584485685,
              31.419587346513005
            ],
            [
              74.35315036563146,
              31.41936387018895
            ],
            [
              74.35653998915625,
              31.398943086518067
            ],
            [
              74.35836515461864,
              31.37830152247997
            ]
          ]
        ]
      }
    },
    {
      "type": "Feature",
      "properties": {
        "city_name": "Bhopalwala",
        "station_count": 1,
        "area_km2": 2.75,
        "generated_by": "natural_jagged_polygons",
        "style": "jagged_boundaries"
      },
      "geometry": {
        "type": "Polygon",
        "coordinates": [
          [
            [
              74.41800513179282,
              32.45641314470675
            ],
            [
              74.41829403847295,
              32.45832263406156
            ],
            [
              74.41595831121647,
              32.45941201408565
            ],
            [
              74.41595286940137,
              32.46118518183324
            ],
            [
              74.41503764206631,
              32.46374650709887
            ],
            [
              74.41227857582146,
              32.46465377775337
            ],
            [
              74.41011756099971,
              32.463531444473524
            ],
            [
              74.40919932581976,
              32.46619424943379
            ],
            [
              74.40757879325112,
              32.46636310257654
            ],
            [
              74.40615094453996,
              32.46466501363774
            ],
            [
              74.40444787244259,
              32.4647762502891
            ],
            [
              74.40263809795577,
              32.464581936080194
            ],
            [
              74.40292095197213,
              32.46283240548146
            ],
            [
              74.40170379260213,
              32.46238787387569
            ],
            [
              74.39960169652794,
              32.46238770182225
            ],
            [
              74.39958809401284,
              32.46071030583758
            ],
            [
              74.39965119377031,
              32.458984249578805
            ],
            [
              74.4001537072381,
              32.45734314137692
            ],
            [
              74.40159901054604,
              32.45623977731748
            ],
            [
              74.40051143155914,
              32.455485114078385
            ],
            [
              74.39978361676049,
              32.45435260982145
            ],
            [
              74.39876815869775,
              32.453453624279156
            ],
            [
              74.3997503241386,
              32.4518384130997
            ],
            [
              74.40171599713382,
              32.45209011386638
            ],
            [
              74.40069065689275,
              32.449704133433684
            ],
            [
              74.40329244510167,
              32.4503254237846
            ],
            [
              74.40302089689739,
              32.44846018602894
            ],
            [
              74.4041539576567,
              32.44970945001478
            ],
            [
              74.40562211280127,
              32.45048127827706
            ],
            [
              74.40733868232606,
              32.45058892588409
            ],
            [
              74.40859734962561,
              32.452533692033995
            ],
            [
              74.41044414714835,
              32.451435831534475
            ],
            [
              74.41298111311188,
              32.45087933303355
            ],
            [
              74.41593493173947,
              32.451624404075574
            ],
            [
              74.41696214761205,
              32.45278143655774
            ],
            [
              74.4163281499009,
              32.45494740176198
            ],
            [
              74.41800513179282,
              32.45641314470675
            ]
          ]
        ]
      }
    },
    {
      "type": "Feature",
      "properties": {
        "city_name": "Chak Jhumra",
        "station_count": 1,
        "area_km2": 2.56,
        "generated_by": "natural_jagged_polygons",
        "style": "jagged_boundaries"
      },
      "geometry": {
        "type": "Polygon",
        "coordinates": [
          [
            [
              73.08308295823834,
              31.50880615171797
            ],
            [
              73.08336725463708,
              31.511674175876262
            ],
            [
              73.08057627276929,
              31.512376760386932
            ],
            [
              73.07930396100969,
              31.513162865301947
            ],
            [
              73.07953380257453,
              31.514783484514048
            ],
            [
              73.07872232420598,
              31.51592815038693
            ],
            [
              73.07700459773346,
              31.515184661952816
            ],
            [
              73.07600897722963,
              31.51703942787471
            ],
            [
              73.0746861658494,
              31.517090290116467
            ],
            [
              73.07210638634112,
              31.51851523838246
            ],
            [
              73.06997262127697,
              31.51666339894648
            ],
            [
              73.06963619114742,
              31.514619747993784
            ],
            [
              73.06800090890322,
              31.513890223769568
            ],
            [
              73.06594895736417,
              31.513774560259417
            ],
            [
              73.06762800513772,
              31.513017264545482
            ],
            [
              73.0671268790806,
              31.511526639649986
            ],
            [
              73.06604860350072,
              31.509905899565933
            ],
            [
              73.0673938824443,
              31.508980542107015
            ],
            [
              73.06776737176452,
              31.50761505687294
            ],
            [
              73.06614385691603,
              31.506742531725738
            ],
            [
              73.0681786978131,
              31.505161535497216
            ],
            [
              73.06640930840264,
              31.504183697469298
            ],
            [
              73.06862707901072,
              31.50479847065926
            ],
            [
              73.0687627673053,
              31.50192154240697
            ],
            [
              73.07040527120806,
              31.501828546037014
            ],
            [
              73.07293038734178,
              31.502013818217705
            ],
            [
              73.07390046574217,
              31.50031423839688
            ],
            [
              73.07477111979146,
              31.49869535937457
            ],
            [
              73.07736720840313,
              31.499687058245108
            ],
            [
              73.07801427067938,
              31.502444198494032
            ],
            [
              73.07896572784874,
              31.50468649916844
            ],
            [
              73.08092013846488,
              31.504994717497343
            ],
            [
              73.0831177609471,
              31.50572124471535
            ],
            [
              73.08343693257905,
              31.507245034926967
            ],
            [
              73.08308295823834,
              31.50880615171797
            ]
          ]
        ]
      }
    },
    {
      "type": "Feature",
      "properties": {
        "city_name": "Eminabad",
        "station_count": 1,
        "area_km2": 2.9,
        "generated_by": "natural_jagged_polygons",
        "style": "jagged_boundaries"
      },
      "geometry": {
        "type": "Polygon",
        "coordinates": [
          [
            [
              74.21081845889591,
              32.10173022138449
            ],
            [
              74.2096628499364,
              32.10286235064389
            ],
            [
              74.20931795613292,
              32.10436804309849
            ],
            [
              74.2101692104563,
              32.10598629545655
            ],
            [
              74.20716020216035,
              32.106291202697285
            ],
            [
              74.20687528541265,
              32.109158993746426
            ],
            [
              74.20589650261064,
              32.11121455498989
            ],
            [
              74.20410474091044,
              32.11071421944925
            ],
            [
              74.20275694890739,
              32.11022939934442
            ],
            [
              74.20022044946236,
              32.111703395605346
            ],
            [
              74.19735813021533,
              32.11028784044739
            ],
            [
              74.19510853340266,
              32.10904879955889
            ],
            [
              74.19391360689247,
              32.10688983694864
            ],
            [
              74.194792773102,
              32.105099874917855
            ],
            [
              74.19532610569738,
              32.10353666818411
            ],
            [
              74.19512713578213,
              32.10168625318331
            ],
            [
              74.19624821886164,
              32.1012689324825
            ],
            [
              74.19481993361528,
              32.099525948547225
            ],
            [
              74.19555896850274,
              32.09876611243227
            ],
            [
              74.19681326261102,
              32.098277010753634
            ],
            [
              74.1955511676319,
              32.09519821397419
            ],
            [
              74.19746346260403,
              32.09273295068127
            ],
            [
              74.19912853052492,
              32.09364768137738
            ],
            [
              74.20081129205694,
              32.09161815879467
            ],
            [
              74.20270082285296,
              32.09255308151745
            ],
            [
              74.20409210601728,
              32.093285596317635
            ],
            [
              74.2053783650682,
              32.094158784668466
            ],
            [
              74.20560693545178,
              32.09588244275837
            ],
            [
              74.20756821210603,
              32.0950706856209
            ],
            [
              74.20858259233023,
              32.09783475890441
            ],
            [
              74.21040673132131,
              32.097033000171464
            ],
            [
              74.2123460881903,
              32.09927048572618
            ],
            [
              74.21081845889591,
              32.10173022138449
            ]
          ]
        ]
      }
    },
    {
      "type": "Feature",
      "properties": {
        "city_name": "Jhang",
        "station_count": 1,
        "area_km2": 2.42,
        "generated_by": "natural_jagged_polygons",
        "style": "jagged_boundaries"
      },
      "geometry": {
        "type": "Polygon",
        "coordinates": [
          [
            [
              72.20093888614036,
              31.12403589556845
            ],
            [
              72.20199298360845,
              31.12560758900854
            ],
            [
              72.19941149310941,
              31.126325450131205
            ],
            [
              72.20152024011227,
              31.127926089222278
            ],
            [
              72.20003801062495,
              31.128959034968474
            ],
            [
              72.19867323364899,
              31.127752469121738
            ],
            [
              72.19741793295927,
              31.129156366613525
            ],
            [
              72.19616721159196,
              31.129155487227262
            ],
            [
              72.19522756856178,
              31.13023599763153
            ],
            [
              72.19492749431741,
              31.131740542523765
            ],
            [
              72.19285444246587,
              31.130679447566195
            ],
            [
              72.19324576659564,
              31.133228723902835
            ],
            [
              72.19144070424808,
              31.13279302203734
            ],
            [
              72.18994224915757,
              31.131332795239263
            ],
            [
              72.18766174754874,
              31.130774429863045
            ],
            [
              72.18606191338866,
              31.129216588471085
            ],
            [
              72.18406475906639,
              31.12867047720011
            ],
            [
              72.18499029181521,
              31.127597583458964
            ],
            [
              72.18502396664174,
              31.12639262445629
            ],
            [
              72.18352897164667,
              31.12485858498319
            ],
            [
              72.18511049019732,
              31.12402612613541
            ],
            [
              72.18600031130465,
              31.122943190944618
            ],
            [
              72.18615154250013,
              31.121569158298797
            ],
            [
              72.18535199152923,
              31.12051114034143
            ],
            [
              72.18754769282965,
              31.11879667308698
            ],
            [
              72.18677947435006,
              31.115892882236054
            ],
            [
              72.18972696720553,
              31.115888299537506
            ],
            [
              72.19161037470268,
              31.11831389674271
            ],
            [
              72.19372855517672,
              31.119046884507096
            ],
            [
              72.194494865948,
              31.117218910969147
            ],
            [
              72.19509334020161,
              31.11521123866925
            ],
            [
              72.19656758988381,
              31.11499131449948
            ],
            [
              72.19865797128503,
              31.116940593536853
            ],
            [
              72.19908644547125,
              31.119541713758046
            ],
            [
              72.19886041364214,
              31.12238189546403
            ],
            [
              72.20093888614036,
              31.12403589556845
            ]
          ]
        ]
      }
    },
    {
      "type": "Feature",
      "properties": {
        "city_name": "Khairpur Mir's",
        "station_count": 1,
        "area_km2": 2.01,
        "generated_by": "natural_jagged_polygons",
        "style": "jagged_boundaries"
      },
      "geometry": {
        "type": "Polygon",
        "coordinates": [
          [
            [
              68.76522221781329,
              27.529448977974102
            ],
            [
              68.76548371848851,
              27.532183351029285
            ],
            [
              68.76720173919209,
              27.534099845706642
            ],
            [
              68.76584334378236,
              27.53539525265372
            ],
            [
              68.76405574364219,
              27.53539227437831
            ],
            [
              68.76253480979025,
              27.53510559373908
            ],
            [
              68.76166069740918,
              27.53593177253681
            ],
            [
              68.76086731710583,
              27.536061367058903
            ],
            [
              68.75998644707192,
              27.534516346492
            ],
            [
              68.75905509312057,
              27.535098557977363
            ],
            [
              68.756826358097,
              27.53508685661013
            ],
            [
              68.75514267756186,
              27.536589617942823
            ],
            [
              68.75461338360333,
              27.534489083791083
            ],
            [
              68.75283649212653,
              27.533288661523283
            ],
            [
              68.75234705026423,
              27.531405029586065
            ],
            [
              68.7502506781597,
              27.531179953413975
            ],
            [
              68.74974718692064,
              27.529467495498977
            ],
            [
              68.74952554195401,
              27.528181163568206
            ],
            [
              68.75149916320063,
              27.52752607561986
            ],
            [
              68.75212687099618,
              27.526515642831452
            ],
            [
              68.75128670361087,
              27.524931200872807
            ],
            [
              68.7535089305754,
              27.525263166725484
            ],
            [
              68.75394651836466,
              27.523387705331125
            ],
            [
              68.75484720858977,
              27.522068994573274
            ],
            [
              68.75624678843114,
              27.522957591919933
            ],
            [
              68.75766789015772,
              27.52341336834518
            ],
            [
              68.75909709361069,
              27.522121012709203
            ],
            [
              68.76072658423357,
              27.52207474531343
            ],
            [
              68.76090658035834,
              27.52409577434567
            ],
            [
              68.76254805382344,
              27.52403498109078
            ],
            [
              68.76460013982276,
              27.52518947356777
            ],
            [
              68.76690039566103,
              27.524836527338756
            ],
            [
              68.76478086381698,
              27.52570921495653
            ],
            [
              68.76534802320742,
              27.527839334173272
            ],
            [
              68.76522221781329,
              27.529448977974102
            ]
          ]
        ]
      }
    },
    {
      "type": "Feature",
      "properties": {
        "city_name": "Kotli Loharan",
        "station_count": 1,
        "area_km2": 2.35,
        "generated_by": "natural_jagged_polygons",
        "style": "jagged_boundaries"
      },
      "geometry": {
        "type": "Polygon",
        "coordinates": [
          [
            [
              74.48563476536486,
              32.599406869051506
            ],
            [
              74.48575958259578,
              32.60095153432462
            ],
            [
              74.48494545344538,
              32.602469495564435
            ],
            [
              74.48529843547254,
              32.604759015437374
            ],
            [
              74.48304392143913,
              32.605414040467274
            ],
            [
              74.4819966169282,
              32.60784753548885
            ],
            [
              74.47952164389474,
              32.608968908754946
            ],
            [
              74.47757627004476,
              32.60747151598085
            ],
            [
              74.47492578934207,
              32.60732744051182
            ],
            [
              74.47478485380758,
              32.605269776264436
            ],
            [
              74.47174693313116,
              32.60610511411016
            ],
            [
              74.47127906324626,
              32.6040286935218
            ],
            [
              74.47069168006541,
              32.602985688392955
            ],
            [
              74.47049675068814,
              32.601753456411885
            ],
            [
              74.47038818827656,
              32.600521956598925
            ],
            [
              74.47122236560891,
              32.59938003627386
            ],
            [
              74.47333552055275,
              32.59926810825042
            ],
            [
              74.47313231218449,
              32.598034516847704
            ],
            [
              74.47415357875401,
              32.59715843976968
            ],
            [
              74.47289683056854,
              32.59549965497495
            ],
            [
              74.47420552101289,
              32.59377411735356
            ],
            [
              74.47661854625,
              32.59408053978922
            ],
            [
              74.47706772964737,
              32.59264540600276
            ],
            [
              74.47811095892666,
              32.592159030264014
            ],
            [
              74.47941255375235,
              32.5927713720571
            ],
            [
              74.48085325491166,
              32.59421075655719
            ],
            [
              74.48185152736,
              32.59362843962435
            ],
            [
              74.48302797645142,
              32.59376348462863
            ],
            [
              74.48354994909955,
              32.59201710840421
            ],
            [
              74.48575679928769,
              32.59140062835144
            ],
            [
              74.48498193401035,
              32.59431065436475
            ],
            [
              74.48626735654945,
              32.59475244856837
            ],
            [
              74.4878233269125,
              32.59486598883174
            ],
            [
              74.487983544848,
              32.597502722320336
            ],
            [
              74.48563476536486,
              32.599406869051506
            ]
          ]
        ]
      }
    },
    {
      "type": "Feature",
      "properties": {
        "city_name": "Kotri",
        "station_count": 1,
        "area_km2": 2.3,
        "generated_by": "natural_jagged_polygons",
        "style": "jagged_boundaries"
      },
      "geometry": {
        "type": "Polygon",
        "coordinates": [
          [
            [
              68.34660585463979,
              25.367114267775136
            ],
            [
              68.34754465428664,
              25.369107004018215
            ],
            [
              68.3450066818446,
              25.368822733503347
            ],
            [
              68.34445590374156,
              25.369743758688774
            ],
            [
              68.34458524610633,
              25.371154739662455
            ],
            [
              68.34472820715426,
              25.372972927549725
            ],
            [
              68.34232008910683,
              25.373003542523392
            ],
            [
              68.3424118694335,
              25.374934950541846
            ],
            [
              68.33987239721769,
              25.375310909723968
            ],
            [
              68.33807447792736,
              25.374012579448067
            ],
            [
              68.3357365918897,
              25.372809019845597
            ],
            [
              68.33359847531185,
              25.374239088889464
            ],
            [
              68.33182533483917,
              25.373164279931302
            ],
            [
              68.33149504356604,
              25.370969852733413
            ],
            [
              68.33125677299545,
              25.368120970062716
            ],
            [
              68.32853071158581,
              25.367302981615925
            ],
            [
              68.33061376634372,
              25.366361258838804
            ],
            [
              68.33008581201953,
              25.364475377941048
            ],
            [
              68.33019727724951,
              25.36283391694107
            ],
            [
              68.33193282395874,
              25.36353403405307
            ],
            [
              68.33330710105307,
              25.36198368020954
            ],
            [
              68.33473268033796,
              25.361949946174402
            ],
            [
              68.33561040684951,
              25.359849898889813
            ],
            [
              68.3380244717494,
              25.35917842908819
            ],
            [
              68.34060334735176,
              25.360178512971405
            ],
            [
              68.34328869772894,
              25.358415520127583
            ],
            [
              68.3424343250192,
              25.36110095745807
            ],
            [
              68.3439003694336,
              25.363880712958125
            ],
            [
              68.34532467640634,
              25.36459077889916
            ],
            [
              68.34669263501426,
              25.365516797149
            ],
            [
              68.34660585463979,
              25.367114267775136
            ]
          ]
        ]
      }
    },
    {
      "type": "Feature",
      "properties": {
        "city_name": "Ladhewala Waraich",
        "station_count": 1,
        "area_km2": 2.16,
        "generated_by": "natural_jagged_polygons",
        "style": "jagged_boundaries"
      },
      "geometry": {
        "type": "Polygon",
        "coordinates": [
          [
            [
              74.1626739563413,
              32.19113364161113
            ],
            [
              74.16102983941512,
              32.19183786093284
            ],
            [
              74.16098449515522,
              32.19328257114876
            ],
            [
              74.16096703257958,
              32.19449988889537
            ],
            [
              74.16107126692205,
              32.195814413298294
            ],
            [
              74.15942368571058,
              32.19714954483623
            ],
            [
              74.1574867111004,
              32.196777518332446
            ],
            [
              74.15558120050221,
              32.196202776161954
            ],
            [
              74.15332891309268,
              32.19769587136152
            ],
            [
              74.1526982500709,
              32.200285818745776
            ],
            [
              74.1522139444526,
              32.19888037828338
            ],
            [
              74.15157169970986,
              32.19783411278077
            ],
            [
              74.15114404043155,
              32.19661506747318
            ],
            [
              74.14926164004693,
              32.1971149632786
            ],
            [
              74.14876729712849,
              32.19535551236138
            ],
            [
              74.14736656903611,
              32.19524883928433
            ],
            [
              74.14585005041047,
              32.19469246790895
            ],
            [
              74.14701166005335,
              32.193315788790805
            ],
            [
              74.14631366018784,
              32.1921215932053
            ],
            [
              74.14554679827285,
              32.19090049178297
            ],
            [
              74.14722182919384,
              32.18994268577335
            ],
            [
              74.14655293098208,
              32.18849391945749
            ],
            [
              74.14617993733499,
              32.1872254742869
            ],
            [
              74.14693155669414,
              32.18499522967241
            ],
            [
              74.1494121145757,
              32.1852009612267
            ],
            [
              74.15119879299081,
              32.184911067620405
            ],
            [
              74.15178470096872,
              32.18352113847005
            ],
            [
              74.15277040438858,
              32.18234809441773
            ],
            [
              74.15237082532455,
              32.18422192782058
            ],
            [
              74.15436639310676,
              32.18369410752317
            ],
            [
              74.15598764176494,
              32.18399746918052
            ],
            [
              74.15595489669514,
              32.18575300344295
            ],
            [
              74.15694124917727,
              32.18644093858746
            ],
            [
              74.15822884510214,
              32.18665082786277
            ],
            [
              74.15933512830581,
              32.18683076431534
            ],
            [
              74.1607285185074,
              32.1863219160097
            ],
            [
              74.16251327345657,
              32.18834312604826
            ],
            [
              74.1626739563413,
              32.19113364161113
            ]
          ]
        ]
      }
    },
    {
      "type": "Feature",
      "properties": {
        "city_name": "Lodhran",
        "station_count": 1,
        "area_km2": 2.14,
        "generated_by": "natural_jagged_polygons",
        "style": "jagged_boundaries"
      },
      "geometry": {
        "type": "Polygon",
        "coordinates": [
          [
            [
              71.56808372639611,
              29.67998086913152
            ],
            [
              71.56654034173675,
              29.679978982419367
            ],
            [
              71.56652722499268,
              29.681121307853548
            ],
            [
              71.56768268949928,
              29.682962146546004
            ],
            [
              71.56621504088295,
              29.683073112650675
            ],
            [
              71.56679271644248,
              29.685642731900256
            ],
            [
              71.56520675993502,
              29.68767327311989
            ],
            [
              71.56363865616235,
              29.688502801448646
            ],
            [
              71.56259122088794,
              29.687747108329827
            ],
            [
              71.56252792160488,
              29.684717772099326
            ],
            [
              71.560841961988,
              29.685956698391205
            ],
            [
              71.55843880597061,
              29.68543563392296
            ],
            [
              71.55752778867658,
              29.688025344283282
            ],
            [
              71.55589618604964,
              29.688674444743285
            ],
            [
              71.55280967766546,
              29.687805585738
            ],
            [
              71.55243108903807,
              29.684821754020195
            ],
            [
              71.55163122945314,
              29.683279302295826
            ],
            [
              71.5521449218755,
              29.68195260217113
            ],
            [
              71.55440515025465,
              29.681411041159926
            ],
            [
              71.55418887766382,
              29.680021549713103
            ],
            [
              71.5547217513328,
              29.678615081728047
            ],
            [
              71.55464430411548,
              29.677526516437148
            ],
            [
              71.55419817418026,
              29.676130824642687
            ],
            [
              71.55515207700337,
              29.674814244317183
            ],
            [
              71.55711545091319,
              29.67648222531473
            ],
            [
              71.55797325272812,
              29.674999214013777
            ],
            [
              71.5602597626053,
              29.675423694763698
            ],
            [
              71.5608285797805,
              29.673018479215024
            ],
            [
              71.56279344869733,
              29.671592293660353
            ],
            [
              71.5643513558143,
              29.67322039828602
            ],
            [
              71.56605452297167,
              29.67381617830233
            ],
            [
              71.56501884282693,
              29.676044653768678
            ],
            [
              71.56682523098881,
              29.67669276223052
            ],
            [
              71.56848104983085,
              29.67719062137448
            ],
            [
              71.56843567479824,
              29.6784145155106
            ],
            [
              71.56808372639611,
              29.67998086913152
            ]
          ]
        ]
      }
    },
    {
      "type": "Feature",
      "properties": {
        "city_name": "Malam Jabba",
        "station_count": 1,
        "area_km2": 2.28,
        "generated_by": "natural_jagged_polygons",
        "style": "jagged_boundaries"
      },
      "geometry": {
        "type": "Polygon",
        "coordinates": [
          [
            [
              72.57938797505602,
              34.79825719155091
            ],
            [
              72.57773536489815,
              34.799011887628204
            ],
            [
              72.57937679527406,
              34.80094152674402
            ],
            [
              72.57672148883199,
              34.80124827064856
            ],
            [
              72.5777353859587,
              34.80283705632798
            ],
            [
              72.57638840836259,
              34.801886098683354
            ],
            [
              72.57512058175364,
              34.803828158812614
            ],
            [
              72.57401169559067,
              34.80451377531722
            ],
            [
              72.57268236761445,
              34.80325994608483
            ],
            [
              72.5725082551471,
              34.804334643826
            ],
            [
              72.57048059760446,
              34.80354351160166
            ],
            [
              72.56935239518623,
              34.80403380819746
            ],
            [
              72.56967218882751,
              34.805623022809606
            ],
            [
              72.56832375809797,
              34.80634174753896
            ],
            [
              72.56839569826742,
              34.80387119455292
            ],
            [
              72.56660722447691,
              34.80578460425892
            ],
            [
              72.56630868759223,
              34.80414744011713
            ],
            [
              72.56514608412695,
              34.802717869588776
            ],
            [
              72.56319406741439,
              34.80358016899005
            ],
            [
              72.56212266886033,
              34.8028231914518
            ],
            [
              72.56308718478205,
              34.8014779287818
            ],
            [
              72.561350176616,
              34.80047878250912
            ],
            [
              72.56263984889877,
              34.79932711046019
            ],
            [
              72.56177053339974,
              34.79821787283154
            ],
            [
              72.56332852586102,
              34.79676230133481
            ],
            [
              72.56273615929469,
              34.795360130243346
            ],
            [
              72.56189727448297,
              34.79367982273459
            ],
            [
              72.56457595869853,
              34.793412481673684
            ],
            [
              72.56557790576258,
              34.791130445350014
            ],
            [
              72.56734526433463,
              34.79174126224639
            ],
            [
              72.56724853743833,
              34.78944227391017
            ],
            [
              72.56901596952805,
              34.78988543957885
            ],
            [
              72.56964249649212,
              34.78861420171585
            ],
            [
              72.57070200931005,
              34.79034816758016
            ],
            [
              72.57242073860694,
              34.788464238748126
            ],
            [
              72.57371214502456,
              34.78852383718352
            ],
            [
              72.57468451745744,
              34.7892778247962
            ],
            [
              72.5733070716083,
              34.79147035520851
            ],
            [
              72.57398703616039,
              34.79317429272954
            ],
            [
              72.57532930075908,
              34.79512157677942
            ],
            [
              72.57581448776955,
              34.7970297840147
            ],
            [
              72.57821250096767,
              34.796684403767685
            ],
            [
              72.57938797505602,
              34.79825719155091
            ]
          ]
        ]
      }
    },
    {
      "type": "Feature",
      "properties": {
        "city_name": "Mandi Bahauddin",
        "station_count": 1,
        "area_km2": 2.03,
        "generated_by": "natural_jagged_polygons",
        "style": "jagged_boundaries"
      },
      "geometry": {
        "type": "Polygon",
        "coordinates": [
          [
            [
              73.51945856267281,
              32.58896681719146
            ],
            [
              73.5198074747311,
              32.59025954373801
            ],
            [
              73.51765928675722,
              32.59095932993977
            ],
            [
              73.51859880107688,
              32.592554104518676
            ],
            [
              73.51831416760722,
              32.59362302025398
            ],
            [
              73.51664043330774,
              32.59331633607608
            ],
            [
              73.51767920382026,
              32.59569006725819
            ],
            [
              73.51603019019495,
              32.59526065544853
            ],
            [
              73.51468433979535,
              32.59443889957525
            ],
            [
              73.5136137226588,
              32.596289121660064
            ],
            [
              73.51206314507701,
              32.59527966373841
            ],
            [
              73.51113630837561,
              32.59335072407597
            ],
            [
              73.50898810515122,
              32.5943383382375
            ],
            [
              73.50793092750514,
              32.592542027528744
            ],
            [
              73.50572570338277,
              32.59436554300269
            ],
            [
              73.50448914061771,
              32.59353700254319
            ],
            [
              73.50407261158416,
              32.591751351376935
            ],
            [
              73.50575780668949,
              32.590663467417166
            ],
            [
              73.50522691675394,
              32.58874730076375
            ],
            [
              73.50452043254398,
              32.58752718221856
            ],
            [
              73.50643486346351,
              32.586422866909245
            ],
            [
              73.50591490397245,
              32.58523011126253
            ],
            [
              73.50626060653478,
              32.583075193406
            ],
            [
              73.50811704707857,
              32.58182180120346
            ],
            [
              73.50943320523272,
              32.58073490204896
            ],
            [
              73.51119968492857,
              32.58216457160626
            ],
            [
              73.51226762454434,
              32.580583183040446
            ],
            [
              73.5148860082731,
              32.5798833292935
            ],
            [
              73.5159299113605,
              32.5820925888463
            ],
            [
              73.51855370738205,
              32.583393879042795
            ],
            [
              73.51783825251958,
              32.5858885196028
            ],
            [
              73.51712717010591,
              32.58820443941789
            ],
            [
              73.51945856267281,
              32.58896681719146
            ]
          ]
        ]
      }
    },
    {
      "type": "Feature",
      "properties": {
        "city_name": "Pasrur",
        "station_count": 1,
        "area_km2": 2.3,
        "generated_by": "natural_jagged_polygons",
        "style": "jagged_boundaries"
      },
      "geometry": {
        "type": "Polygon",
        "coordinates": [
          [
            [
              74.66287891601365,
              32.26508310280298
            ],
            [
              74.66132344866807,
              32.2661177098172
            ],
            [
              74.66204342946745,
              32.267380407575736
            ],
            [
              74.66118441430568,
              32.26835958102042
            ],
            [
              74.66301021175553,
              32.26983582075229
            ],
            [
              74.66121082646848,
              32.27141740772995
            ],
            [
              74.65899489318475,
              32.27187016893784
            ],
            [
              74.65615252855682,
              32.271152070410224
            ],
            [
              74.65492417046956,
              32.273547432475425
            ],
            [
              74.65385954004998,
              32.27182123795614
            ],
            [
              74.65198503805021,
              32.274114702742004
            ],
            [
              74.65067292580076,
              32.272884019825355
            ],
            [
              74.64852544542465,
              32.27187732675605
            ],
            [
              74.6490230911733,
              32.27028697101994
            ],
            [
              74.64898368228073,
              32.268459014603955
            ],
            [
              74.64726922293526,
              32.26772469486071
            ],
            [
              74.64789480524138,
              32.26640502179808
            ],
            [
              74.64841828983121,
              32.26521951644198
            ],
            [
              74.64719659054185,
              32.264199510209885
            ],
            [
              74.64804233085793,
              32.26267201093983
            ],
            [
              74.64821386571998,
              32.26111046286333
            ],
            [
              74.64674596372956,
              32.26043038162138
            ],
            [
              74.64837663089183,
              32.25836978210719
            ],
            [
              74.65067894996636,
              32.25778535925308
            ],
            [
              74.6520783337516,
              32.25845055194853
            ],
            [
              74.65268951424244,
              32.25652645920838
            ],
            [
              74.65409438582199,
              32.258382628098445
            ],
            [
              74.6552564934789,
              32.25750911802491
            ],
            [
              74.65680633276101,
              32.25617123493424
            ],
            [
              74.657400959274,
              32.25910844218997
            ],
            [
              74.65903238523528,
              32.25866062876507
            ],
            [
              74.65857015041513,
              32.260105208703045
            ],
            [
              74.65959978425428,
              32.2605017736808
            ],
            [
              74.65980378779622,
              32.26153799273842
            ],
            [
              74.66127713732894,
              32.261550723369574
            ],
            [
              74.6610925281786,
              32.26387997238869
            ],
            [
              74.66287891601365,
              32.26508310280298
            ]
          ]
        ]
      }
    },
    {
      "type": "Feature",
      "properties": {
        "city_name": "Pattoki",
        "station_count": 1,
        "area_km2": 2.23,
        "generated_by": "natural_jagged_polygons",
        "style": "jagged_boundaries"
      },
      "geometry": {
        "type": "Polygon",
        "coordinates": [
          [
            [
              73.93589508059652,
              31.039015120394776
            ],
            [
              73.9365465470393,
              31.040019795567016
            ],
            [
              73.93605265360931,
              31.040798828194678
            ],
            [
              73.93355923715261,
              31.040836800195247
            ],
            [
              73.93519478829838,
              31.04219096012058
            ],
            [
              73.93362205144422,
              31.04475897279374
            ],
            [
              73.93475306033488,
              31.04765354305447
            ],
            [
              73.93290032013985,
              31.046975371751703
            ],
            [
              73.93108695968425,
              31.04730383332456
            ],
            [
              73.92948482678602,
              31.048502580629847
            ],
            [
              73.92812293633695,
              31.04947945679959
            ],
            [
              73.927717460916,
              31.046893994327515
            ],
            [
              73.92591459774935,
              31.04811514411486
            ],
            [
              73.92498693497205,
              31.046850126653467
            ],
            [
              73.9230042125612,
              31.047031364813797
            ],
            [
              73.92310476630257,
              31.044395437722308
            ],
            [
              73.92175299730073,
              31.043762775388803
            ],
            [
              73.92316281032964,
              31.042300133335498
            ],
            [
              73.92059012544586,
              31.04145199920153
            ],
            [
              73.92239361379288,
              31.04008596160868
            ],
            [
              73.92131124207948,
              31.03900751129314
            ],
            [
              73.9230779025454,
              31.038616157881915
            ],
            [
              73.92385872978046,
              31.03754421727249
            ],
            [
              73.92455977131968,
              31.036007344273937
            ],
            [
              73.92419681471209,
              31.034355788942968
            ],
            [
              73.92549532970654,
              31.03413855977539
            ],
            [
              73.92679278340407,
              31.033785047862974
            ],
            [
              73.92832202479484,
              31.03308220641956
            ],
            [
              73.92899160600886,
              31.031561770724295
            ],
            [
              73.92947741799816,
              31.030028277099227
            ],
            [
              73.93120644374933,
              31.031896057726414
            ],
            [
              73.93313471512027,
              31.032863025947467
            ],
            [
              73.93470777165982,
              31.032294324245598
            ],
            [
              73.93553295748795,
              31.033033547386694
            ],
            [
              73.93512436369821,
              31.035309121556548
            ],
            [
              73.93670896910683,
              31.03512231482738
            ],
            [
              73.93771545719984,
              31.036504777205245
            ],
            [
              73.93517735595272,
              31.037619018331974
            ],
            [
              73.93589508059652,
              31.039015120394776
            ]
          ]
        ]
      }
    },
    {
      "type": "Feature",
      "properties": {
        "city_name": "Qadirpur Ran",
        "station_count": 1,
        "area_km2": 2.54,
        "generated_by": "natural_jagged_polygons",
        "style": "jagged_boundaries"
      },
      "geometry": {
        "type": "Polygon",
        "coordinates": [
          [
            [
              71.58200461670805,
              30.25145349308898
            ],
            [
              71.58364532996485,
              30.254103853916614
            ],
            [
              71.5817314354524,
              30.256630154965716
            ],
            [
              71.58010729789547,
              30.25509602880992
            ],
            [
              71.57853889070746,
              30.255732817021475
            ],
            [
              71.57710867541388,
              30.257290979325173
            ],
            [
              71.57550399000188,
              30.25626051818051
            ],
            [
              71.57550834192975,
              30.25927275610947
            ],
            [
              71.5727061314529,
              30.260330130404324
            ],
            [
              71.57071288282899,
              30.260796079852522
            ],
            [
              71.57019733130831,
              30.25901422879153
            ],
            [
              71.56907008575243,
              30.257975160712853
            ],
            [
              71.56657743613872,
              30.258195259425555
            ],
            [
              71.56560793799461,
              30.25548633949539
            ],
            [
              71.56518097539487,
              30.25274392587055
            ],
            [
              71.56273911217176,
              30.251549792781397
            ],
            [
              71.5632850218657,
              30.249291605706638
            ],
            [
              71.56547259673195,
              30.25039496865537
            ],
            [
              71.56709851019211,
              30.250294200601925
            ],
            [
              71.56782334703753,
              30.248562258942997
            ],
            [
              71.56912699019095,
              30.246001289780164
            ],
            [
              71.568091813968,
              30.24313051724822
            ],
            [
              71.56934976103223,
              30.244277357852845
            ],
            [
              71.57037533600662,
              30.244160486261585
            ],
            [
              71.57168651193467,
              30.24150237463758
            ],
            [
              71.57297022809453,
              30.24298150630255
            ],
            [
              71.57449609763985,
              30.243608768983226
            ],
            [
              71.57619697708932,
              30.242652918578617
            ],
            [
              71.5777353157237,
              30.243304917519943
            ],
            [
              71.5768582148054,
              30.245178773120568
            ],
            [
              71.57913889187428,
              30.24630182076451
            ],
            [
              71.57907637610056,
              30.247970317456247
            ],
            [
              71.57938345022468,
              30.25070391433247
            ],
            [
              71.58200461670805,
              30.25145349308898
            ]
          ]
        ]
      }
    },
    {
      "type": "Feature",
      "properties": {
        "city_name": "Quetta",
        "station_count": 1,
        "area_km2": 2.36,
        "generated_by": "natural_jagged_polygons",
        "style": "jagged_boundaries"
      },
      "geometry": {
        "type": "Polygon",
        "coordinates": [
          [
            [
              66.99391284135932,
              30.17084292806261
            ],
            [
              66.99321114788685,
              30.17328589883748
            ],
            [
              66.99143632889896,
              30.17383452772707
            ],
            [
              66.9890450172095,
              30.173683665300246
            ],
            [
              66.988016677812,
              30.174296253701407
            ],
            [
              66.98900722682403,
              30.176141699866587
            ],
            [
              66.9874885647018,
              30.176522267256708
            ],
            [
              66.98762939704167,
              30.178330778371258
            ],
            [
              66.9852738422825,
              30.176656190537003
            ],
            [
              66.9843089675815,
              30.177132185162307
            ],
            [
              66.98413661835238,
              30.178637039987596
            ],
            [
              66.98217741659342,
              30.177563091017507
            ],
            [
              66.98074194837064,
              30.178789865155945
            ],
            [
              66.97925334179543,
              30.17978563033915
            ],
            [
              66.97829462787281,
              30.17710934363884
            ],
            [
              66.97823648138095,
              30.174170862058826
            ],
            [
              66.97522526671169,
              30.173841022004485
            ],
            [
              66.9743118819994,
              30.171003109965923
            ],
            [
              66.97636323783887,
              30.170682460469042
            ],
            [
              66.97734119834342,
              30.169219451421668
            ],
            [
              66.97800377720331,
              30.167347478736467
            ],
            [
              66.97798232852058,
              30.165531785795164
            ],
            [
              66.97815886336905,
              30.164048631214513
            ],
            [
              66.97993002233588,
              30.163502318858885
            ],
            [
              66.9823246137211,
              30.16361626402599
            ],
            [
              66.9840684453999,
              30.164845770625924
            ],
            [
              66.98532102838233,
              30.163996121866013
            ],
            [
              66.98674547709248,
              30.164995364660776
            ],
            [
              66.98802560861125,
              30.164471639647687
            ],
            [
              66.99013064020689,
              30.16493758779564
            ],
            [
              66.99181881365303,
              30.166378494801926
            ],
            [
              66.99093289722799,
              30.168355721979754
            ],
            [
              66.99350678793118,
              30.168433727981487
            ],
            [
              66.99253928668105,
              30.170274952182012
            ],
            [
              66.99391284135932,
              30.17084292806261
            ]
          ]
        ]
      }
    },
    {
      "type": "Feature",
      "properties": {
        "city_name": "Rahim Yar Khan",
        "station_count": 1,
        "area_km2": 2.58,
        "generated_by": "natural_jagged_polygons",
        "style": "jagged_boundaries"
      },
      "geometry": {
        "type": "Polygon",
        "coordinates": [
          [
            [
              70.33693154370764,
              28.40074571940133
            ],
            [
              70.33744973954234,
              28.40245896300596
            ],
            [
              70.33585097448736,
              28.403084482541814
            ],
            [
              70.33558852430097,
              28.404320242213206
            ],
            [
              70.33436403143362,
              28.404976435766738
            ],
            [
              70.33316772710917,
              28.404732567071203
            ],
            [
              70.33244889917799,
              28.406765471166157
            ],
            [
              70.33050779843883,
              28.404338250874623
            ],
            [
              70.3300522064674,
              28.406243613689753
            ],
            [
              70.3288743413242,
              28.40826155746132
            ],
            [
              70.32675748284065,
              28.406969562315325
            ],
            [
              70.32610917443678,
              28.405233730038493
            ],
            [
              70.32441026103098,
              28.406954742806594
            ],
            [
              70.3235197745014,
              28.40607344291943
            ],
            [
              70.32377601013572,
              28.404393119668274
            ],
            [
              70.32226216181185,
              28.404752871755996
            ],
            [
              70.3207980209786,
              28.405510392215493
            ],
            [
              70.32071499455866,
              28.40433330350073
            ],
            [
              70.31852289172642,
              28.40439527597213
            ],
            [
              70.31915567119643,
              28.401974760361206
            ],
            [
              70.3173599218719,
              28.401976249088264
            ],
            [
              70.31695828465423,
              28.40056228215417
            ],
            [
              70.31573481597472,
              28.39903441299686
            ],
            [
              70.31838891933192,
              28.398307824266077
            ],
            [
              70.31848416503891,
              28.396809182707802
            ],
            [
              70.31802063165156,
              28.395546903169503
            ],
            [
              70.31990629758391,
              28.39632081633835
            ],
            [
              70.32027640510131,
              28.39469999425937
            ],
            [
              70.32039069658781,
              28.391993838094752
            ],
            [
              70.3225048105668,
              28.393052642991673
            ],
            [
              70.32371023133649,
              28.393678339123746
            ],
            [
              70.3247335042309,
              28.393447498292673
            ],
            [
              70.32560931445995,
              28.39130089346102
            ],
            [
              70.32660898653658,
              28.392202265665464
            ],
            [
              70.32931912924381,
              28.391913340722535
            ],
            [
              70.3309462057004,
              28.393913840214303
            ],
            [
              70.33050322247541,
              28.395505660163685
            ],
            [
              70.33283445918046,
              28.394584404831782
            ],
            [
              70.33404694814483,
              28.3947337951791
            ],
            [
              70.33375002867635,
              28.396655270690918
            ],
            [
              70.33452922591385,
              28.399120512910518
            ],
            [
              70.33693154370764,
              28.40074571940133
            ]
          ]
        ]
      }
    },
    {
      "type": "Feature",
      "properties": {
        "city_name": "Raiwind",
        "station_count": 1,
        "area_km2": 2.35,
        "generated_by": "natural_jagged_polygons",
        "style": "jagged_boundaries"
      },
      "geometry": {
        "type": "Polygon",
        "coordinates": [
          [
            [
              74.23241236085562,
              31.299702704928006
            ],
            [
              74.23368210215794,
              31.30094330455946
            ],
            [
              74.23144057322412,
              31.301728344949584
            ],
            [
              74.23323441713912,
              31.302776098620097
            ],
            [
              74.23223307126341,
              31.303869633598765
            ],
            [
              74.23013281661306,
              31.305047123781527
            ],
            [
              74.22784759455118,
              31.304545671600454
            ],
            [
              74.22795350958174,
              31.30637894368536
            ],
            [
              74.22712436539062,
              31.306439742601857
            ],
            [
              74.22594794130383,
              31.30639610109661
            ],
            [
              74.22521749091278,
              31.306568490224
            ],
            [
              74.22366164925228,
              31.30643131347973
            ],
            [
              74.2235996586203,
              31.3043626219385
            ],
            [
              74.22216603444184,
              31.304701798328896
            ],
            [
              74.2197327810237,
              31.30587170311623
            ],
            [
              74.2176349364816,
              31.304045430131698
            ],
            [
              74.21614637654228,
              31.302602338095873
            ],
            [
              74.21917909277012,
              31.302189188223778
            ],
            [
              74.21717153287803,
              31.30058147854233
            ],
            [
              74.2186105136673,
              31.299676761878548
            ],
            [
              74.21982344542245,
              31.29839767757022
            ],
            [
              74.21780596672076,
              31.29728894747992
            ],
            [
              74.21858976248954,
              31.29594802547471
            ],
            [
              74.21903552100608,
              31.293696340234586
            ],
            [
              74.22095493143306,
              31.292724711964663
            ],
            [
              74.22268237596121,
              31.29243940101367
            ],
            [
              74.2238500969532,
              31.293160970030666
            ],
            [
              74.225000801882,
              31.293960870428585
            ],
            [
              74.22678759403867,
              31.29422159248176
            ],
            [
              74.22794982778905,
              31.29336039499525
            ],
            [
              74.22788653513624,
              31.29057936340181
            ],
            [
              74.22979171324565,
              31.290957449561734
            ],
            [
              74.23276593166891,
              31.292034376819103
            ],
            [
              74.2341621150943,
              31.294646863609625
            ],
            [
              74.23411676796746,
              31.29650502953303
            ],
            [
              74.23399927875742,
              31.298171862235492
            ],
            [
              74.23241236085562,
              31.299702704928006
            ]
          ]
        ]
      }
    },
    {
      "type": "Feature",
      "properties": {
        "city_name": "Rojhan",
        "station_count": 1,
        "area_km2": 2.38,
        "generated_by": "natural_jagged_polygons",
        "style": "jagged_boundaries"
      },
      "geometry": {
        "type": "Polygon",
        "coordinates": [
          [
            [
              70.08531875623464,
              28.523580149318963
            ],
            [
              70.08594037888321,
              28.525401790927095
            ],
            [
              70.084118639473,
              28.52656272188499
            ],
            [
              70.08447066569448,
              28.52833838898387
            ],
            [
              70.08361221983364,
              28.530131234639363
            ],
            [
              70.08212413477193,
              28.53052779058777
            ],
            [
              70.08045434916528,
              28.53073760028869
            ],
            [
              70.07969753340613,
              28.532582730273806
            ],
            [
              70.07867195953978,
              28.53196728376449
            ],
            [
              70.07727306089892,
              28.530025671172464
            ],
            [
              70.07644032054607,
              28.531501441494445
            ],
            [
              70.0748186442697,
              28.532083470687326
            ],
            [
              70.07499064101808,
              28.530056283524594
            ],
            [
              70.0744367747665,
              28.529230011575862
            ],
            [
              70.07332979492091,
              28.529349907416037
            ],
            [
              70.07250224666463,
              28.52764127876249
            ],
            [
              70.0710488959638,
              28.526830106603228
            ],
            [
              70.06926036532205,
              28.52659248375375
            ],
            [
              70.06999532403522,
              28.52542681371047
            ],
            [
              70.07063883487943,
              28.52414310556387
            ],
            [
              70.06969939451709,
              28.5237283423982
            ],
            [
              70.06944435001103,
              28.522277775991892
            ],
            [
              70.06979696850038,
              28.5211767492124
            ],
            [
              70.07105332496444,
              28.520594917440874
            ],
            [
              70.0703126115505,
              28.518820341883533
            ],
            [
              70.07276543265023,
              28.518447210006588
            ],
            [
              70.07231418645186,
              28.516722423389222
            ],
            [
              70.07404185832902,
              28.516904249068816
            ],
            [
              70.07492107570508,
              28.51540993798118
            ],
            [
              70.0762116823018,
              28.51509467983363
            ],
            [
              70.07755242356492,
              28.514547441234146
            ],
            [
              70.07906700164155,
              28.516058297431726
            ],
            [
              70.0802684547527,
              28.516715026150187
            ],
            [
              70.08125646165135,
              28.514867475986076
            ],
            [
              70.08343704237816,
              28.517518316862297
            ],
            [
              70.08233838317871,
              28.520486201802584
            ],
            [
              70.08465550345235,
              28.52122046080236
            ],
            [
              70.08531875623464,
              28.523580149318963
            ]
          ]
        ]
      }
    },
    {
      "type": "Feature",
      "properties": {
        "city_name": "Skardu",
        "station_count": 1,
        "area_km2": 2.27,
        "generated_by": "natural_jagged_polygons",
        "style": "jagged_boundaries"
      },
      "geometry": {
        "type": "Polygon",
        "coordinates": [
          [
            [
              75.64002274058882,
              35.28968005790346
            ],
            [
              75.63677940846915,
              35.289397549627886
            ],
            [
              75.63613883517809,
              35.29062563628041
            ],
            [
              75.63625949937402,
              35.29233808114505
            ],
            [
              75.6351325777718,
              35.291524965180656
            ],
            [
              75.63443966341673,
              35.293960600655666
            ],
            [
              75.63322511946465,
              35.29373761424603
            ],
            [
              75.63176855586376,
              35.29298179145522
            ],
            [
              75.63237981078468,
              35.29439573917853
            ],
            [
              75.63231361779144,
              35.29527894457917
            ],
            [
              75.63078896901969,
              35.296064700496395
            ],
            [
              75.63119621486251,
              35.297335434497526
            ],
            [
              75.6327979512889,
              35.297870871573664
            ],
            [
              75.6338388388503,
              35.298745718052956
            ],
            [
              75.63384444280915,
              35.300683822238604
            ],
            [
              75.63317201580524,
              35.30228867234688
            ],
            [
              75.63591455393208,
              35.30341380383463
            ],
            [
              75.6342676374199,
              35.305281637377036
            ],
            [
              75.63627166148322,
              35.30567198964697
            ],
            [
              75.63793047264078,
              35.305226963011954
            ],
            [
              75.63905130718194,
              35.30362356368562
            ],
            [
              75.64001630645888,
              35.30526266586066
            ],
            [
              75.64133683268295,
              35.3048523393823
            ],
            [
              75.64290647204608,
              35.303904233956075
            ],
            [
              75.64394195482065,
              35.30533752394991
            ],
            [
              75.64492060457779,
              35.302643095622166
            ],
            [
              75.64783000977212,
              35.30229187150467
            ],
            [
              75.64878158005529,
              35.300565670944096
            ],
            [
              75.64885433600541,
              35.29901098138295
            ],
            [
              75.64771515411226,
              35.29741336717736
            ],
            [
              75.64739258271442,
              35.29547291324295
            ],
            [
              75.6467382677657,
              35.29427024335729
            ],
            [
              75.64447097747578,
              35.294029705030596
            ],
            [
              75.6426829849941,
              35.29270989286645
            ],
            [
              75.6431770465475,
              35.290243317984846
            ],
            [
              75.64023967502693,
              35.29038471327975
            ],
            [
              75.64002274058882,
              35.28968005790346
            ]
          ]
        ]
      }
    },
    {
      "type": "Feature",
      "properties": {
        "city_name": "Sukkur",
        "station_count": 1,
        "area_km2": 1.84,
        "generated_by": "natural_jagged_polygons",
        "style": "jagged_boundaries"
      },
      "geometry": {
        "type": "Polygon",
        "coordinates": [
          [
            [
              68.83720896552215,
              27.711879348978965
            ],
            [
              68.8363038991061,
              27.712378574382505
            ],
            [
              68.83797651196456,
              27.71361266729512
            ],
            [
              68.8355209159356,
              27.713809599810148
            ],
            [
              68.83660672875908,
              27.715048931416128
            ],
            [
              68.83578118700349,
              27.716623275158003
            ],
            [
              68.83456038532775,
              27.717530856011457
            ],
            [
              68.83440334747391,
              27.71884117047887
            ],
            [
              68.83307801162434,
              27.719078948950216
            ],
            [
              68.83260391818308,
              27.71996711144456
            ],
            [
              68.83114463974948,
              27.720087276785694
            ],
            [
              68.82964794522604,
              27.718067222853463
            ],
            [
              68.82706424750977,
              27.718758479220078
            ],
            [
              68.82673939504257,
              27.717417394131473
            ],
            [
              68.82512562998869,
              27.718098289908408
            ],
            [
              68.82382263560288,
              27.717795333958335
            ],
            [
              68.82334347155043,
              27.716132959379774
            ],
            [
              68.82559050395024,
              27.715785444610837
            ],
            [
              68.82549151369761,
              27.714567699296577
            ],
            [
              68.8261371971061,
              27.713575019208903
            ],
            [
              68.82531899981736,
              27.71183526463498
            ],
            [
              68.82514638735572,
              27.710005289670903
            ],
            [
              68.822656766215,
              27.709207860810718
            ],
            [
              68.82260005278191,
              27.70690830682051
            ],
            [
              68.82442927009507,
              27.708604063545206
            ],
            [
              68.82548390222678,
              27.707523885365415
            ],
            [
              68.82671563070296,
              27.70715156200976
            ],
            [
              68.82790188941735,
              27.706287110626242
            ],
            [
              68.82837685156896,
              27.705136523491998
            ],
            [
              68.82910161058264,
              27.70471798524103
            ],
            [
              68.82985118086123,
              27.704070008731314
            ],
            [
              68.83103172602503,
              27.704100768571283
            ],
            [
              68.83257941945166,
              27.705779779584837
            ],
            [
              68.83471160121911,
              27.706240081396132
            ],
            [
              68.83409110104863,
              27.707778431032246
            ],
            [
              68.83544172896751,
              27.70784165406969
            ],
            [
              68.83531140551419,
              27.70909845176423
            ],
            [
              68.83693235626791,
              27.708429763136987
            ],
            [
              68.8389372223266,
              27.71006628174702
            ],
            [
              68.83720896552215,
              27.711879348978965
            ]
          ]
        ]
      }
    }
  ]
}